formID,editorID,flies,keywords
00109C7C,FoxRace,0,ActorTypeAnimal;ActorTypeCreature;AtT_NamedNode&NPC%SPC%Spine2%SPC%%LBR%Spn2%RBR%_NamedNode&MagicEffectsNode;REQ_DropsBloodKeyword
000131FD,HorseRace,0,ActorTypeCreature;ActorTypeAnimal;ImmuneParalysis;REQ_DropsBloodKeyword
0001320A,WolfRace,0,ActorTypeAnimal;ActorTypeCreature;AtT_NamedNode&NPC%SPC%Spine2%SPC%%LBR%Spn2%RBR%_NamedNode&MagicEffectsNode;REQ_DropsBloodKeyword
28000842,mihailguar_race,0,ActorTypeCreature;reqRaceIsDogRace
FE74F800,mihailhousecatrace,0,ActorTypeAnimal;ActorTypeCreature
000BA545,MudcrabRace,0,ActorTypeAnimal;ActorTypeCreature
000131EE,DogRace,0,ActorTypeAnimal;ActorTypeCreature;REQ_DropsBloodKeyword
0006DC99,HareRace,0,ActorTypeCreature;ActorTypeAnimal;REQ_DropsBloodKeyword
000131FF,MammothRace,0,ActorTypeCreature;ActorTypeAnimal;ImmuneParalysis;REQ_DropsBloodKeyword
00013201,SkeeverRace,0,ActorTypeAnimal;ActorTypeCreature;REQ_DropsBloodKeyword
FE6E586A,mihailchickenchickrace,0,ActorTypeCreature;ActorTypeAnimal
FE6EB800,mihailguar_race,0,ActorTypeCreature;reqRaceIsDogRace
000131FA,GoatRace,0,ActorTypeAnimal;ActorTypeCreature;REQ_DropsBloodKeyword
0004E785,CowRace,0,ActorTypeAnimal;ActorTypeCreature;REQ_DropsBloodKeyword
00013200,SabreCatRace,0,ActorTypeAnimal;ActorTypeCreature;REQ_DropsBloodKeyword
000A919D,ChickenRace,0,ActorTypeAnimal;ActorTypeCreature;REQ_DropsBloodKeyword
000F1AC4,DogCompanionRace,0,ActorTypeAnimal;ActorTypeCreature;REQ_DropsBloodKeyword
000131E8,BearBlackRace,0,ActorTypeAnimal;ActorTypeCreature;REQ_DropsBloodKeyword;REQ_MinorKnockdownImmunity
000131FC,HorkerRace,0,ActorTypeAnimal;ActorTypeCreature;REQ_DropsBloodKeyword;REQ_MinorKnockdownImmunity
FE74CD64,CaravanPackmule_Race,0,ActorTypeAnimal;MagicNoReanimate;ImmuneParalysis;ActorType_CaravanMule
0401FEB8,DLC2NetchRace,0,ActorTypeAnimal;ImmuneParalysis;DLC2NetchKeyword
FE6A9800,VvardvarkRace,0,ActorTypeCreature;ActorTypeAnimal;AtT_NamedNode&NPC%SPC%Spine2%SPC%%LBR%Spn2%RBR%_NamedNode&MagicEffectsNode
3014408A,zzzCHCaveWormRace,0,ActorTypeAnimal;ActorTypeCreature
FE6EA803,mihailcock_race,0,ActorTypeCreature;ActorTypeAnimal;REQ_DropsBloodKeyword
000CF89B,DeerRace,0,ActorTypeAnimal;ActorTypeCreature;REQ_DropsBloodKeyword
FE08393E,EN_RavenRace,0,ActorTypeCreature;ActorTypeAnimal
30080D61,zzzCHShellbugRace,0,ActorTypeAnimal;ActorTypeCreature
000131E9,BearSnowRace,0,ActorTypeAnimal;ActorTypeCreature;REQ_DropsBloodKeyword;REQ_MinorKnockdownImmunity
00013202,SabreCatSnowyRace,0,ActorTypeAnimal;ActorTypeCreature;REQ_DropsBloodKeyword
04024038,DLC2BoarRace,0,ActorTypeCreature;ActorTypeAnimal;REQ_DropsBloodKeyword
000131E7,BearBrownRace,0,ActorTypeCreature;ActorTypeAnimal;REQ_DropsBloodKeyword;REQ_MinorKnockdownImmunity
FE6E0800,mihailfrog_race,0,ActorTypeAnimal;ActorTypeCreature;reqRaceIsHareRace
00013203,SlaughterfishRace,0,ActorTypeAnimal;ActorTypeCreature;REQ_DropsBloodKeyword
304F57BB,zzzCHCaveWormGiantRace,0,ActorTypeAnimal;ActorTypeCreature
FE6E6800,mihailcliffracer_raceDUPLICATE001,0,ActorTypeAnimal;ActorTypeCreature;ImmuneParalysis
000131ED,ElkRace,0,ActorTypeAnimal;ActorTypeCreature;REQ_DropsBloodKeyword
02003D01,DLC1HuskyArmoredCompanionRace,0,ActorTypeAnimal;ActorTypeCreature;REQ_DropsBloodKeyword
000DE505,CartHorseRace,0,ActorTypeAnimal;ActorTypeCreature
0200D0B6,DLC1SabreCatGlowRace,0,ActorTypeAnimal;ActorTypeCreature;REQ_DropsBloodKeyword
000C3EDF,SkeeverWhiteRace,0,ActorTypeAnimal;ActorTypeCreature;REQ_DropsBloodKeyword
28202FAC,AlitRace,0,ActorTypeCreature;ActorTypeAnimal;AtT_NamedNode&NPC%SPC%Spine2%SPC%%LBR%Spn2%RBR%_NamedNode&MagicEffectsNode;reqRaceIsDogRace
28372C97,mihailcliffracerrace,0,ActorTypeCreature;ActorTypeAnimal;reqRaceIsDLC1ChaurusHunterRace
00104F45,WhiteStagRace,0,ActorTypeAnimal;ActorTypeCreature;REQ_DropsBloodKeyword
02018B36,DLC1HuskyBareRace,0,ActorTypeAnimal;ActorTypeCreature;REQ_DropsBloodKeyword
FE6A6800,Skinwalker21Alitrace,0,ActorTypeCreature
2802E13D,nixoxraceMOUNT,0,ActorTypeCreature;ActorTypeAnimal;reqRaceIsFrostbiteSpiderRace
06033A4F,ccBGSSSE001_ViriyaMudcrabPetRace,0,ActorTypeAnimal;ActorTypeCreature
0600081B,ccBGSSSE001_MudcrabRaceFrenzied,0,ActorTypeCreature;ActorTypeAnimal
04028580,DLC2NetchCalfRace,0,ActorTypeAnimal;ImmuneParalysis;DLC2NetchKeyword
30530B08,zzzAomOwlRace,0,ActorTypeAnimal;ActorTypeCreature
FE689800,SW21_DireWolfRace,0,ActorTypeCreature;ActorTypeAnimal;REQ_DropsBloodKeyword
302D35BC,zzzCHAlfiqRace,0,ActorTypeAnimal;ActorTypeCreature
FE095084,FURY_Race_Pet_BearBrown,0,ActorTypeAnimal;ActorTypeCreature;Futhark_InjectedKeyword_Race_IsTamedAnimalRace;REQ_MinorKnockdownImmunity
FE756826,EN_BlacktailRace,0,ActorTypeCreature;ActorTypeAnimal;REQ_DropsBloodKeyword
FE095089,FURY_Race_Pet_Boar,0,ActorTypeCreature;ActorTypeAnimal;Futhark_InjectedKeyword_Race_IsTamedAnimalRace
FE095095,FURY_Race_Pet_BearBlack,0,ActorTypeAnimal;ActorTypeCreature;Futhark_InjectedKeyword_Race_IsTamedAnimalRace;REQ_MinorKnockdownImmunity
FE095086,FURY_Race_Pet_Chicken,0,ActorTypeAnimal;ActorTypeCreature;Futhark_InjectedKeyword_Race_IsTamedAnimalRace;FURY_Keyword_IsDocile
FE095087,FURY_Race_Pet_Cow,0,ActorTypeAnimal;ActorTypeCreature;Futhark_InjectedKeyword_Race_IsTamedAnimalRace;FURY_Keyword_IsDocile
2801EE17,mihailguar_race_pony,0,ActorTypeCreature;reqRaceIsDogRace
FE6EB823,mihailguar_race_pony,0,ActorTypeCreature;reqRaceIsDogRace
0200D0B2,DLC1DeerGlowRace,0,ActorTypeAnimal;ActorTypeCreature
FE095088,FURY_Race_Pet_Deer,0,ActorTypeAnimal;ActorTypeCreature;Futhark_InjectedKeyword_Race_IsTamedAnimalRace;FURY_Keyword_IsDocile
FE6EC800,mihailnixhound_race,0,ActorTypeCreature;ActorTypeAnimal;reqRaceIsDLC1DeathHoundRace
FE6EB801,mihailkagoutirace,0,ActorTypeCreature;reqRaceIsDLC1DeathHoundRace
2F60009D,mihailwormmouthrace,0,ActorTypeCreature;ActorTypeAnimal;reqRaceIsDLC1DeathHoundRace
28000926,mihailnixhound_race,0,ActorTypeCreature;ActorTypeAnimal;reqRaceIsDLC1DeathHoundRace
28450644,SoM_00drakerace,0,ActorTypeCreature;ActorTypeAnimal;AtT_NamedNode&NPC%SPC%Spine2%SPC%%LBR%Spn2%RBR%_NamedNode&MagicEffectsNode;reqRaceIsWolfRace
FE09508B,FURY_Race_Pet_Elk,0,ActorTypeAnimal;ActorTypeCreature;Futhark_InjectedKeyword_Race_IsTamedAnimalRace;FURY_Keyword_IsDocile
FE09508C,FURY_Race_Pet_Fox,0,ActorTypeAnimal;ActorTypeCreature;AtT_NamedNode&NPC%SPC%Spine2%SPC%%LBR%Spn2%RBR%_NamedNode&MagicEffectsNode;Futhark_InjectedKeyword_Race_IsTamedAnimalRace;FURY_Keyword_IsDocile
672C625D,TVR_Warrior_Race_Fylgja,0,ActorTypeAnimal;ActorTypeCreature;AtT_NamedNode&NPC%SPC%Spine2%SPC%%LBR%Spn2%RBR%_NamedNode&MagicEffectsNode
FE09508E,FURY_Race_Pet_Goat,0,ActorTypeCreature;ActorTypeAnimal;Futhark_InjectedKeyword_Race_IsTamedAnimalRace;FURY_Keyword_IsDocile
8331096F,CowRaceWRQGiantQuest,0,ActorTypeAnimal;ActorTypeCreature
FE095090,FURY_Race_Pet_Horker,0,ActorTypeCreature;ActorTypeAnimal;Futhark_InjectedKeyword_Race_IsTamedAnimalRace;REQ_DropsBloodKeyword;REQ_MinorKnockdownImmunity
FE09509C,FURY_Race_Pet_WolfIce,0,ActorTypeAnimal;ActorTypeCreature;AtT_NamedNode&NPC%SPC%Spine2%SPC%%LBR%Spn2%RBR%_NamedNode&MagicEffectsNode;Futhark_InjectedKeyword_Race_IsTamedAnimalRace
FE095091,FURY_Race_Pet_Mammoth,0,ActorTypeAnimal;ActorTypeCreature;ImmuneParalysis;Futhark_InjectedKeyword_Race_IsTamedAnimalRace
FE0950A0,FURY_Race_Pet_MudcrabMedium,0,ActorTypeAnimal;ActorTypeCreature;Futhark_InjectedKeyword_Race_IsTamedAnimalRace
FE095092,FURY_Race_Pet_Mudcrab,0,ActorTypeAnimal;ActorTypeCreature;Futhark_InjectedKeyword_Race_IsTamedAnimalRace
FE095080,FURY_Race_Pet_MudcrabGiant,0,ActorTypeAnimal;ActorTypeCreature;Futhark_InjectedKeyword_Race_IsTamedAnimalRace
FE09507F,FURY_Race_Pet_MudcrabLarge,0,ActorTypeAnimal;ActorTypeCreature;Futhark_InjectedKeyword_Race_IsTamedAnimalRace
28000800,mihailbantamguarrace,0,ActorTypeCreature;ActorTypeAnimal;reqRaceIsChickenRace
FE09508F,FURY_Race_Pet_Hare,0,ActorTypeAnimal;ActorTypeCreature;Futhark_InjectedKeyword_Race_IsTamedAnimalRace;FURY_Keyword_IsDocile
FE095093,FURY_Race_Pet_SabreCat,0,ActorTypeAnimal;ActorTypeCreature;Futhark_InjectedKeyword_Race_IsTamedAnimalRace
FE095094,FURY_Race_Pet_Skeever,0,ActorTypeAnimal;ActorTypeCreature;Futhark_InjectedKeyword_Race_IsTamedAnimalRace
FE095096,FURY_Race_Pet_BearSnow,0,ActorTypeAnimal;ActorTypeCreature;Futhark_InjectedKeyword_Race_IsTamedAnimalRace;REQ_MinorKnockdownImmunity
FE095081,FURY_Race_Pet_FoxArctic,0,ActorTypeAnimal;ActorTypeCreature;AtT_NamedNode&NPC%SPC%Spine2%SPC%%LBR%Spn2%RBR%_NamedNode&MagicEffectsNode;Futhark_InjectedKeyword_Race_IsTamedAnimalRace;FURY_Keyword_IsDocile
FE095097,FURY_Race_Pet_SabreCatSnowy,0,ActorTypeAnimal;ActorTypeCreature;Futhark_InjectedKeyword_Race_IsTamedAnimalRace
FE095083,FURY_Race_Pet_DeerValue,0,ActorTypeAnimal;ActorTypeCreature;Futhark_InjectedKeyword_Race_IsTamedAnimalRace;FURY_Keyword_IsDocile
FE095082,FURY_Race_Pet_SabreCatVale,0,ActorTypeAnimal;ActorTypeCreature;Futhark_InjectedKeyword_Race_IsTamedAnimalRace
FE756825,EN_WhitetailRace,0,ActorTypeCreature;ActorTypeAnimal;REQ_DropsBloodKeyword
28372C91,mihailnixhoundrace,0,ActorTypeCreature;ActorTypeAnimal;reqRaceIsWolfRace
FE0950A1,FURY_Race_Pet_Wolf,0,ActorTypeAnimal;ActorTypeCreature;AtT_NamedNode&NPC%SPC%Spine2%SPC%%LBR%Spn2%RBR%_NamedNode&MagicEffectsNode;Futhark_InjectedKeyword_Race_IsTamedAnimalRace
1F033BC1,EC_SS_BalennRace,0,ActorTypeCreature;ActorTypeAnimal
3053F74B,zzzCHCowBelharzaRace,0,ActorTypeAnimal;ActorTypeCreature
480CEF65,018AuriMountRace,0,ActorTypeCreature;ActorTypeAnimal;ActorTypeMount;REQ_DropsBloodKeyword
02018B33,DLC1HuskyArmoredRace,0,ActorTypeAnimal;ActorTypeCreature;REQ_DropsBloodKeyword
FE976A2A,_ME_DogRace,0,ActorTypeCreature;ActorTypeAnimal
28000801,mihailkagoutiraceDUPLICATE001,0,ActorTypeCreature;reqRaceIsDLC1DeathHoundRace
000CD657,DA03BarbasDogRace,0,ActorTypeCreature;ActorTypeAnimal;REQ_DropsBloodKeyword
FE006800,ccBGSSSE010_PetDwarvenMudcrabRace,0,ActorTypeCreature;ActorTypeAnimal
FE064800,_IP_FoxRace,0,ActorTypeAnimal;ActorTypeCreature;AtT_NamedNode&NPC%SPC%Spine2%SPC%%LBR%Spn2%RBR%_NamedNode&MagicEffectsNode
FE01580E,ccVSVSSE002_FoxRace,0,ActorTypeCreature;ActorTypeAnimal;AtT_NamedNode&NPC%SPC%Spine2%SPC%%LBR%Spn2%RBR%_NamedNode&MagicEffectsNode
2800AA0A,nixoxrace,0,ActorTypeCreature;ActorTypeAnimal;reqRaceIsFrostbiteSpiderRace
0006FC4A,GoatDomesticsRace,0,ActorTypeAnimal;ActorTypeCreature;REQ_DropsBloodKeyword
FE015812,ccVSVSSE002_GoatRace,0,ActorTypeAnimal;ActorTypeCreature
FE9761C4,_ME_GoatRace,0,ActorTypeAnimal;ActorTypeCreature
6717CE32,TVR_Primal_Race_CallWolf,0,ActorTypeAnimal;ActorTypeCreature;AtT_NamedNode&NPC%SPC%Spine2%SPC%%LBR%Spn2%RBR%_NamedNode&MagicEffectsNode
06000BFC,ccBGSSSE001_HorkerRaceVampire,0,ActorTypeAnimal;ActorTypeCreature;REQ_MinorKnockdownImmunity;REQ_DropsBloodKeyword
830DCD3D,HorseRaceTest,0,ActorTypeAnimal;ActorTypeCreature;ImmuneParalysis
FE01ED61,ccVSVSSE001_ReindeerRace,0,ActorTypeAnimal;ActorTypeCreature;DummyHorseReanimate;ImmuneParalysis;REQ_DropsBloodKeyword
FE750800,mihailhousecatracezeus,0,ActorTypeCreature;ActorTypeAnimal
30520F8B,zzzCHKanraRace,0,ActorTypeAnimal;ActorTypeCreature
9A0B1C77,WSN_Divine_Kynareth_Boon2_Race,0,ActorTypeCreature;ActorTypeAnimal;REQ_DropsBloodKeyword
FE9C3800,mihailmammoth_babyrace,0,ActorTypeCreature;ActorTypeAnimal;REQ_DropsBloodKeyword
FE9C3801,mihailmammoth_oldrace,0,ActorTypeCreature;ActorTypeAnimal;ImmuneParalysis;REQ_DropsBloodKeyword
060FEC48,ccBGSSSE001_MudcrabRaceFlamingPot,0,ActorTypeCreature;ActorTypeAnimal
2800094D,mihailcrabmerchantrace,0,ActorTypeCreature;ActorTypeAnimal;MagicNoReanimate;ImmuneParalysis;NoSoulTrap;reqRaceIsMudcrabRace
FE011861,ccBGSSSE035_NixHoundEnemyRace,0,ActorTypeCreature;ActorTypeAnimal;REQ_DropsBloodKeyword
01002F74,ccBGSSSE035_NixHoundCompanionRace,0,ActorTypeAnimal;ActorTypeCreature
FE08399E,EN_PheasantRace,0,ActorTypeCreature;ActorTypeAnimal
9A04C674,WSN_Daedra_Azura_Boon2_Race,0,ActorTypeCreature;ActorTypeAnimal
FE01580F,ccVSVSSE002_RabbitRace,0,ActorTypeAnimal;ActorTypeCreature
FE6ED800,mihailringneckedpheasant_race,0,ActorTypeCreature;ActorTypeAnimal
6714520F,TVR_Primal_Race_CallSnakes,0,ActorTypeAnimal;ActorTypeCreature
6700084F,TVR_Primal_Race_CallRaven,0,ActorTypeAnimal;ActorTypeCreature
9512624E,AK69TakiyoRace,0,ActorTypeHorse;ActorTypeMount;ActorTypeAnimal;ActorTypeCreature
9A02DFF3,WSN_Misc_Phynaster_Boon2_Race,0,ActorTypeCreature;ActorTypeAnimal
FE015810,ccVSVSSE002_SkeeverRace,0,ActorTypeAnimal;ActorTypeCreature;REQ_DropsBloodKeyword
FE6EF800,mihailscuttler_race,0,ActorTypeAnimal;ActorTypeCreature;reqRaceIsSkeeverRace
28372C86,mihailcrocodilesrace,0,ActorTypeCreature;ActorTypeAnimal;reqRaceIsSlaughterfishRace
28372C8F,mihailcrocodilesraceSALT,0,ActorTypeCreature;ActorTypeAnimal;reqRaceIsSlaughterfishRace
67000804,TVR_Primal_Race_CallSnowLeopard,0,ActorTypeCreature;ActorTypeAnimal
66100046,WB_ConjureKyrkrim_Race,0,ActorTypeCreature;ActorTypeAnimal;AtT_NamedNode&NPC%SPC%Spine2%SPC%%LBR%Spn2%RBR%_NamedNode&MagicEffectsNode
FE756827,EN_WhitetailFawnRace,0,ActorTypeCreature;ActorTypeAnimal;REQ_DropsBloodKeyword
00106C10,C06WolfSpiritRace,0,ActorTypeAnimal;ActorTypeCreature;AtT_NamedNode&NPC%SPC%Spine2%SPC%%LBR%Spn2%RBR%_NamedNode&MagicEffectsNode;REQ_SneakAttackImmunity
25506C41,WTFaelorWolfRace,0,ActorTypeCreature;ActorTypeAnimal;AtT_NamedNode&NPC%SPC%Spine2%SPC%%LBR%Spn2%RBR%_NamedNode&MagicEffectsNode;REQ_DropsBloodKeyword
000131F8,FrostbiteSpiderRace,0,ActorTypeAnimal;ActorTypeCreature
04014449,DLC2ExpSpiderBaseRace,0,ActorTypeAnimal;ActorTypeCreature;NoSoulTrap
0004E507,FrostbiteSpiderRaceGiant,0,ActorTypeAnimal;ActorTypeCreature;REQ_MinorKnockdownImmunity
0401B658,DLC2AshHopperRace,0,ActorTypeCreature;ActorTypeAnimal;MagicNoReanimate;ImmuneParalysis
00053477,FrostbiteSpiderRaceLarge,0,ActorTypeAnimal;ActorTypeCreature;REQ_MinorKnockdownImmunity
000131EB,ChaurusRace,0,ActorTypeCreature;ActorTypeAnimal
020051FB,DLC1ChaurusHunterRace,0,ActorTypeCreature;ActorTypeAnimal;ImmuneParalysis
02015136,DLC1_BF_ChaurusRace,0,ActorTypeCreature;ActorTypeAnimal
28088095,SOMRKwamaForagerRaceNEW,0,ActorTypeCreature;ActorTypeAnimal;reqRaceIsHorkerRace
FE6A885D,ShroomBeetleRacePet,0,ActorTypeAnimal;ActorTypeCreature
000A5601,ChaurusReaperRace,0,ActorTypeCreature;ActorTypeAnimal
FE6A8800,ShroomBeetleRace,0,ActorTypeAnimal;ActorTypeCreature
0C000A76,ccBGSSSE025_ElytraRace,0,ActorTypeCreature;ActorTypeAnimal
FE09508A,FURY_Race_Pet_AshHopper,0,ActorTypeCreature;ActorTypeAnimal;MagicNoReanimate;ImmuneParalysis;Futhark_InjectedKeyword_Race_IsTamedAnimalRace
FE095085,FURY_Race_Pet_Chaurus,0,ActorTypeAnimal;ActorTypeCreature;Futhark_InjectedKeyword_Race_IsTamedAnimalRace
FE09509B,FURY_Race_Pet_ChaurusHunter,0,ActorTypeCreature;ActorTypeAnimal;ImmuneParalysis;Futhark_InjectedKeyword_Race_IsTamedAnimalRace
FE09509A,FURY_Race_Pet_ChaurusReaper,0,ActorTypeCreature;ActorTypeAnimal;Futhark_InjectedKeyword_Race_IsTamedAnimalRace
1F075FA3,EC_SS_ElytraAdultRace,0,ActorTypeCreature;ActorTypeAnimal;REQ_MinorKnockdownImmunity
0C000A52,ccBGSSSE025_ElytraRace_PET,0,ActorTypeCreature;ActorTypeAnimal
FE09509D,FURY_Race_Pet_FrostbiteSpiderLargeSnow,0,ActorTypeCreature;ActorTypeAnimal;Futhark_InjectedKeyword_Race_IsTamedAnimalRace;REQ_MinorKnockdownImmunity
87AD3928,REQ_Race_FrostbiteSpiderTiny,0,ActorTypeCreature;ActorTypeAnimal
FE09509E,FURY_Race_Pet_FrostbiteSpiderGiantSnow,0,ActorTypeCreature;ActorTypeAnimal;Futhark_InjectedKeyword_Race_IsTamedAnimalRace;REQ_MinorKnockdownImmunity
FE09509F,FURY_Race_Pet_FrostbiteSpiderSnow,0,ActorTypeCreature;ActorTypeAnimal;Futhark_InjectedKeyword_Race_IsTamedAnimalRace
FE095099,FURY_Race_Pet_FrostbiteSpiderGiant,0,ActorTypeCreature;ActorTypeAnimal;Futhark_InjectedKeyword_Race_IsTamedAnimalRace;REQ_MinorKnockdownImmunity
FE095098,FURY_Race_Pet_FrostbiteSpiderLarge,0,ActorTypeCreature;ActorTypeAnimal;Futhark_InjectedKeyword_Race_IsTamedAnimalRace;REQ_MinorKnockdownImmunity
FE09508D,FURY_Race_Pet_FrostbiteSpider,0,ActorTypeAnimal;ActorTypeCreature;Futhark_InjectedKeyword_Race_IsTamedAnimalRace
1F0B4555,EC_SS_ShroomBeetleRace,0,ActorTypeCreature;ActorTypeAnimal
04027483,DLC2ExpSpiderPackmuleRace,0,ActorTypeAnimal;ActorTypeCreature;NoSoulTrap
FE015811,ccVSVSSE002_SpiderRace,0,ActorTypeCreature;ActorTypeAnimal
FE6A7802,ShalkRace0,0,ActorTypeAnimal;ActorTypeCreature
FE6A7800,ShalkRace1,0,ActorTypeAnimal;ActorTypeCreature
281C0F8D,SOMRKwamaWarriorRace,0,ActorTypeCreature;ImmuneParalysis;reqRaceIsDLC1GargoyleRace
A80A653C,ORD_Ill_MindSpiders_Race,0,ActorTypeAnimal;ActorTypeCreature
30534134,zzzChScorpionLargeRace,0,ActorTypeAnimal;ActorTypeCreature
30534133,zzzChScorpionGiantRace,0,ActorTypeAnimal;ActorTypeCreature
30534132,zzzChScorpionRace,0,ActorTypeAnimal;ActorTypeCreature
FE036829,ccBGSSSE069_FrostbiteSpiderRaceGiant,0,ActorTypeCreature;ActorTypeAnimal;REQ_MinorKnockdownImmunity
000131F2,DwarvenSphereRace,0,ActorTypeDwarven;MagicNoReanimate;ImmuneParalysis;NoSoulTrap;REQ_SneakAttackImmunity
000131F3,DwarvenSpiderRace,0,ActorTypeDwarven;MagicNoReanimate;ImmuneParalysis;NoSoulTrap;REQ_SneakAttackImmunity
000131F1,DwarvenCenturionRace,0,ActorTypeDwarven;MagicNoReanimate;ImmuneParalysis;NoSoulTrap;REQ_NoLifeDrainAllowed;REQ_SneakAttackImmunity;REQ_MinorKnockdownImmunity
9332B452,HLIODwarvenSpiderRace,0,ActorTypeDwarven;MagicNoReanimate;ImmuneParalysis;NoSoulTrap
0402B014,DLC2DwarvenBallistaRace,0,ActorTypeDwarven;MagicNoReanimate;ImmuneParalysis;NoSoulTrap;REQ_NoLifeDrainAllowed;REQ_SneakAttackImmunity
270B1E82,TOK_RACE_ImperfectCenturionRace,0,ActorTypeDwarven;MagicNoReanimate;ImmuneParalysis;NoSoulTrap;REQ_SneakAttackImmunity;REQ_MinorKnockdownImmunity
02015C34,DLC1LD_ForgemasterRace,0,ActorTypeDwarven;MagicNoReanimate;ImmuneParalysis;NoSoulTrap;REQ_SneakAttackImmunity;REQ_MinorKnockdownImmunity
A41B0A5B,aaaLucDwemerChaurusRace,0,ActorTypeAnimal;ActorTypeCreature
0E000802,ccAARSSE001DwarvenSpiderPetRace,0,ActorTypeDwarven;MagicNoReanimate;ImmuneParalysis;NoSoulTrap;REQ_SneakAttackImmunity
A41B0A46,aaaLucDLC1DwemerGargoyleRace,0,ActorTypeDwarven;ImmuneParalysis;NoSoulTrap;MagicNoReanimate
0E000800,ccAARSSE001DwarvenSpherePetRace,0,ActorTypeDwarven;MagicNoReanimate;ImmuneParalysis;NoSoulTrap;REQ_SneakAttackImmunity
9377D951,HLIOInactiveDwarvenSphereRace,0,NoSoulTrap;MagicNoReanimate;ImmuneParalysis
93A433B9,HLIODrillerRace,0,ImmuneParalysis;MagicNoInvisibility;MagicNoReanimate;ActorTypeDwarven;NoSoulTrap
A41F84F0,aaaLucDweOverseerRace,0,ActorTypeCreature;MagicNoReanimate;ImmuneParalysis;MagicNoInvisibility;NoSoulTrap;MagicNoDistintegrate;REQ_SneakAttackImmunity
2F6000AE,mihaildwarvenspinnerrace,0,NoSoulTrap;MagicNoReanimate;ImmuneParalysis;ActorTypeDwarven;reqRaceIsIceWraithRace
300FEE4A,zzzCHIronSpiderRaceGiant,0,ActorTypeCreature;ActorTypeUndead
300FEE49,zzzCHIronSpiderRace,0,ActorTypeCreature;ActorTypeUndead
300FEE4B,zzzCHIronSpiderRaceLarge,0,ActorTypeCreature;ActorTypeUndead
A41B0A56,aaaLucDwemerWerewolfBeastRace,0,ActorTypeCreature;ImmuneParalysis;MagicNoReanimate;NoSoulTrap
000131F0,DremoraRace,0,ActorTypeNPC;ActorTypeDaedra;ImmuneStrongUnrelentingForce;REQ_MinorKnockdownImmunity
30270D6A,zzzCHAuroranRace,0,ActorTypeCreature;ActorTypeDaedra;ActorTypeNPC;ImmuneStrongUnrelentingForce;REQ_MinorKnockdownImmunity
000131F6,AtronachFrostRace,0,ActorTypeCreature;ActorTypeDaedra;MagicNoReanimate;ImmuneParalysis;MagicNoInvisibility;REQ_ActorTypeDaedraNoFlesh;REQ_SneakAttackImmunity;REQ_MinorKnockdownImmunity
300818A7,zzzCHOrderKnightRace,0,ActorTypeCreature;ActorTypeDaedra;zzzCHActorTypeOrder
0C000816,EC_SS_GoldenSaintRace,0,ActorTypeNPC;ActorTypeDaedra;ImmuneStrongUnrelentingForce;REQ_MinorKnockdownImmunity;MagicNoReanimate;ImmuneParalysis;MagicNoInvisibility
000131F7,AtronachStormRace,0,ActorTypeCreature;ActorTypeDaedra;MagicNoReanimate;ImmuneParalysis;MagicNoInvisibility;REQ_ActorTypeDaedraNoFlesh;REQ_SneakAttackImmunity;REQ_MinorKnockdownImmunity
30080D63,zzzCHScampRace,0,ActorTypeCreature;UpdateDuringArchery;ActorTypeDaedra
0C000817,EC_SS_DarkSeducerRace,0,ActorTypeNPC;ActorTypeDaedra;ImmuneStrongUnrelentingForce;REQ_MinorKnockdownImmunity;MagicNoReanimate;ImmuneParalysis;MagicNoInvisibility
000131F5,AtronachFlameRace,0,ActorTypeCreature;ActorTypeDaedra;MagicNoReanimate;ImmuneParalysis;MagicNoInvisibility;REQ_ActorTypeDaedraNoFlesh;REQ_SneakAttackImmunity;REQ_MinorKnockdownImmunity
0401DCB9,DLC2SeekerRace,0,ActorTypeCreature;ActorTypeDaedra;ImmuneStrongUnrelentingForce;MagicNoReanimate;ImmuneParalysis;REQ_MinorKnockdownImmunity
30080D62,zzzCHDaedrothRace,0,ActorTypeCreature;ImmuneParalysis;ActorTypeDaedra;REQ_MinorKnockdownImmunity;ImmuneStrongUnrelentingForce
302B00F5,zzzCHAuroranBossRace,0,ActorTypeCreature;ActorTypeDaedra;ActorTypeNPC;REQ_MinorKnockdownImmunity;ImmuneStrongUnrelentingForce
28000912,mihailhungerraceDUPLICATE001,0,ActorTypeCreature;ActorTypeDaedra;ImmuneParalysis;reqRaceIsDLC1GargoyleRace
04014495,DLC2LurkerRace,0,ActorTypeCreature;ActorTypeDaedra;ImmuneStrongUnrelentingForce;MagicNoReanimate;REQ_MinorKnockdownImmunity
28000879,mihaildaedroth_titan_race,0,ActorTypeCreature;ActorTypeDaedra;ImmuneParalysis;ImmuneStrongUnrelentingForce;reqRaceIsWerewolfBeastRace
300B7213,zzzCHOrderPriestRace,0,ActorTypeCreature;ImmuneParalysis;ActorTypeDaedra;zzzCHActorTypeOrder;REQ_SneakAttackImmunity
30080D68,zzzCHPrismLordRace,0,ActorTypeDaedra;MagicNoReanimate;ImmuneParalysis;ActorTypeCreature;zzzCHActorTypeOrder;REQ_ActorTypeDaedraNoFlesh;REQ_MinorKnockdownImmunity;ImmuneStrongUnrelentingForce
30080D66,zzzCHPrismLurkerRace,0,ActorTypeCreature;ImmuneParalysis;ActorTypeDaedra;zzzCHActorTypeOrder;REQ_ActorTypeDaedraNoFlesh;REQ_MinorKnockdownImmunity;ImmuneStrongUnrelentingForce
30546451,zzzCHXivkynRace,0,ActorTypeNPC;ActorTypeUndead;ImmuneParalysis;ActorTypeDaedra;NoDecapitate
04027BFC,dlc2AshGuardianRace,0,ActorTypeCreature;ActorTypeDaedra;MagicNoReanimate;ImmuneParalysis;MagicNoInvisibility;REQ_ActorTypeDaedraNoFlesh;REQ_SneakAttackImmunity;REQ_MinorKnockdownImmunity
30179144,zzzAoMGrummiteRace,0,ActorTypeCreature;UpdateDuringArchery;ActorTypeDaedra
28000952,mihailscamp_race,0,ActorTypeCreature;ActorTypeDaedra;reqRaceIsHagravenRace
30500DDE,zzzCHOgrimRace,0,ActorTypeDaedra;ActorTypeCreature;ActorTypeTroll
30080D65,zzzCHPrismStormRace,0,ActorTypeCreature;ActorTypeDaedra;MagicNoReanimate;ImmuneParalysis;MagicNoInvisibility;zzzCHActorTypeOrder;REQ_ActorTypeDaedraNoFlesh;REQ_MinorKnockdownImmunity;ImmuneStrongUnrelentingForce
30179146,zzzAoMBaliwogRace,0,ActorTypeCreature;ActorTypeDaedra
280008CC,mihailhighclannfear_race,0,ActorTypeCreature;ActorTypeDaedra;reqRaceIsDLC1GargoyleRace
8D006095,mihailbanekin_race1,0,ActorTypeCreature;ActorTypeDaedra
9F005900,NTMRLesserOmenRace,0,ActorTypeDaedra;UpdateDuringArchery;reqRaceIsFalmerRace
302B885A,zzzCHOrderKnightBossRace,0,ActorTypeCreature;ActorTypeDaedra;zzzCHActorTypeOrder;REQ_MinorKnockdownImmunity;NoDecapitate
8D006036,mihailscamp_race1,0,ActorTypeDaedra;ActorTypeCreature
9F024383,NTMRPuppetZombieRace,0,ActorTypeCreature;UpdateDuringArchery;ActorTypeDaedra;reqRaceIsDraugrRace
3054522B,zzzCHXivkynGiantRace,0,ActorTypeCreature;ActorTypeGiant;ImmuneStrongUnrelentingForce;ActorTypeDaedra;ActorTypeUndead
3016416D,zzzAoMMolagBalRace,0,ActorTypeCreature;NoSoulTrap;MagicNoReanimate;ImmuneParalysis;ActorTypeDaedra;REQ_MinorKnockdownImmunity;ImmuneStrongUnrelentingForce
04035538,DLC2DremoraRace,0,ActorTypeNPC;ActorTypeDaedra;ImmuneStrongUnrelentingForce;REQ_MinorKnockdownImmunity
0401F98F,dlc2SpectralDragonRace,0,ActorTypeDaedra;MagicNoReanimate;ImmuneParalysis;MagicNoInvisibility
1F0524A6,EC_SS_FleshAtronachRace,0,ActorTypeCreature;ActorTypeDaedra;UpdateDuringArchery;REQ_SneakAttackImmunity;REQ_MinorKnockdownImmunity
FE702812,SpiderDaedraRaceGiant,0,ActorTypeCreature;ActorTypeAnimal;REQ_MinorKnockdownImmunity;ImmuneStrongUnrelentingForce;ActorTypeDaedra
1F04821E,EC_SS_ESOHungerRace,0,ActorTypeCreature;ActorTypeDaedra;ImmuneParalysis;REQ_MinorKnockdownImmunity;ImmuneStrongUnrelentingForce
300B7212,zzzCHJyggalagRace,0,ActorTypeCreature;ActorTypeDaedra;ImmuneStrongUnrelentingForce;ImmuneParalysis;MagicNoReanimate;zzzCHActorTypeOrder;ActorTypeGiant;REQ_MinorKnockdownImmunity;NoDecapitate
1F57776D,EC_SS_PollywogRace,0,ActorTypeCreature;ActorTypeDaedra
30080D67,zzzCHPrismSpiritRace,0,ActorTypeCreature;MagicNoReanimate;ImmuneParalysis;MagicNoInvisibility;ActorTypeDaedra;zzzCHActorTypeOrder;REQ_ActorTypeDaedraNoFlesh;REQ_MinorKnockdownImmunity;ImmuneStrongUnrelentingForce
87ABF9F5,REQ_Race_Thunder,0,ActorTypeCreature;ActorTypeDaedra;MagicNoReanimate;ImmuneParalysis;MagicNoInvisibility;REQ_ActorTypeDaedraNoFlesh;REQ_SneakAttackImmunity;REQ_MinorKnockdownImmunity
9F164410,NTMRVividOmenRace,0,ActorTypeDaedra;reqRaceIsDragonPriestRace
28056A24,mihailbanekin_raceFIRE,0,ActorTypeCreature;ActorTypeDaedra;reqRaceIsDLC2RieklingRace
1F5AA19C,EC_SS_DaggermouthRace,0,ActorTypeCreature;ActorTypeDaedra
67187045,TVR_Demon_Race_ConjureGremlin,0,ActorTypeCreature;ActorTypeDaedra
A42A1C71,JRmihailharvesterrace,0,ActorTypeCreature;ActorTypeDaedra;ImmuneParalysis
67247842,TVR_Demon_Race_ConjureLeviathan,0,ActorTypeCreature;ActorTypeUndead;NoSoulTrap;ImmuneParalysis;ActorTypeDaedra
30080D64,zzzCHMentanaRace,1,ActorTypeCreature;ActorTypeDaedra;MagicNoReanimate;ImmuneParalysis
67000814,TVR_Demon_Race_ConjureRavagor,0,ActorTypeCreature;ActorTypeDaedra;ImmuneParalysis
67005907,TVR_Demon_Race_ConjureTempleGrim,0,ActorTypeCreature;ActorTypeDaedra
1F27CF30,EC_SS_AmberAtronachRace,0,ActorTypeCreature;ActorTypeDaedra;MagicNoReanimate;ImmuneParalysis;MagicNoInvisibility;REQ_ActorTypeDaedraNoFlesh;REQ_SneakAttackImmunity;REQ_MinorKnockdownImmunity
300E04DF,zzzCHMagicBroomRace,0,ActorTypeCreature;ActorTypeDaedra
304F57BC,zzzCHDaedrothRaceBig,0,ActorTypeCreature;ImmuneParalysis;ActorTypeDaedra;REQ_MinorKnockdownImmunity;ImmuneStrongUnrelentingForce
30108328,zzzCHFlameLordRace,0,ActorTypeCreature;ActorTypeDaedra;REQ_MinorKnockdownImmunity;REQ_SneakAttackImmunity;REQ_ActorTypeDaedraNoFlesh;MagicNoReanimate;ImmuneParalysis;MagicNoInvisibility;NoDecapitate
300B5AA4,zzzCHFlameLurkerRace,0,ActorTypeCreature;ImmuneParalysis;ActorTypeDaedra;REQ_ActorTypeDaedraNoFlesh;MagicNoReanimate;MagicNoInvisibility;REQ_SneakAttackImmunity;REQ_MinorKnockdownImmunity
300B5AA3,zzzCHFlameQueenRace,0,ActorTypeCreature;ActorTypeDaedra;ImmuneParalysis;REQ_SneakAttackImmunity;REQ_MinorKnockdownImmunity;MagicNoReanimate;REQ_ActorTypeDaedraNoFlesh
300B5AA5,zzzCHFlameSpiritRace,0,ActorTypeCreature;MagicNoReanimate;ImmuneParalysis;MagicNoInvisibility;ActorTypeDaedra;REQ_ActorTypeDaedraNoFlesh;ImmuneStrongUnrelentingForce;REQ_MinorKnockdownImmunity;REQ_SneakAttackImmunity
300B5AA6,zzzCHFlameStormRace,0,ActorTypeCreature;ActorTypeDaedra;MagicNoReanimate;ImmuneParalysis;MagicNoInvisibility;REQ_SneakAttackImmunity;ImmuneStrongUnrelentingForce;REQ_ActorTypeDaedraNoFlesh;REQ_MinorKnockdownImmunity
234EC0C6,GRVEVoidLurkerRace,0,ActorTypeCreature;ActorTypeUndead;ActorTypeDaedra;reqRaceIsDLC2LurkerRace
A4297423,JRmihailgriveousrace,0,ActorTypeDaedra;ImmuneParalysis;NoSoulTrap
230478BF,GRVEGolemRace,0,ActorTypeCreature;ActorTypeDaedra;MagicNoReanimate;ImmuneParalysis;MagicNoInvisibility;reqRaceIsAtronachFrostRace
FE068801,_AQ_WatcherRace,0,ActorTypeCreature;ActorTypeDaedra;ImmuneStrongUnrelentingForce;MagicNoReanimate;ImmuneParalysis;REQ_MinorKnockdownImmunity
6700080C,TVR_Primal_Race_CallHoundOfHircine,0,ActorTypeCreature;ImmuneParalysis;ActorTypeAnimal;ActorTypeDaedra
1F04821F,EC_SS_ESOHungerBossRace,0,ActorTypeCreature;ActorTypeDaedra;ImmuneParalysis;REQ_MinorKnockdownImmunity;ImmuneStrongUnrelentingForce
A42E4478,JRmihailhungerrace,0,ActorTypeCreature;ActorTypeDaedra
304C6182,zzzCHMolagInnerRace,0,ActorTypeCreature;ActorTypeDaedra;zzzCHActorTypeSithis
3051C38B,zzzCHOgrimRaceBig,0,ActorTypeDaedra;ActorTypeCreature;ActorTypeTroll
FE6CCD64,DASanguineRace,0,ActorTypeNPC;ActorTypeDaedra
FE06585A,_AII_FamiliarRace,0,ActorTypeCreature;ActorTypeDaedra;MagicNoReanimate;ImmuneParalysis;REQ_MinorKnockdownImmunity
00012E82,DragonRace,1,ActorTypeCreature;ActorTypeDragon;MagicNoReanimate;ImmuneParalysis;NoSoulTrap
000E7713,AlduinRace,1,ActorTypeCreature;ActorTypeDragon;MagicNoReanimate;ImmuneParalysis;NoSoulTrap;REQ_MinorKnockdownImmunity
001052A3,UndeadDragonRace,1,ActorTypeCreature;ActorTypeDragon;MagicNoReanimate;ImmuneParalysis;NoSoulTrap;REQ_SneakAttackImmunity;ActorTypeUndead
020117DE,DLC1UndeadDragonRace,1,ActorTypeCreature;ActorTypeDragon;MagicNoReanimate;ImmuneParalysis;NoSoulTrap;REQ_SneakAttackImmunity;ActorTypeUndead
A3574AA6,DragonRaceLokjun,0,ActorTypeCreature;ActorTypeDragon;MagicNoReanimate;ImmuneParalysis;NoSoulTrap;REQ_SneakAttackImmunity
000131F9,GiantRace,0,ActorTypeCreature;REQ_DropsBloodKeyword;REQ_MinorKnockdownImmunity
9600AA07,mihail_icetribe_race,0,ActorTypeCreature;reqRaceIsDefaultRace
9601503E,mihail_seagiant_race,0,ActorTypeCreature;reqRaceIsGiantRace
FE6E7800,mihailgiantesses_race,0,ActorTypeCreature;reqRaceIsGiantRace
832ECDAA,GiantRaceWRMerchant,0,ActorTypeCreature
FE6E7801,mihailgiantyounglingrace,0,ActorTypeCreature;reqRaceIsGiantRace
FE6E7822,mihailgiantesses_race2,0,ActorTypeCreature;reqRaceIsGiantRace
000CAE13,C00GiantOutsideWhiterunRace,0,ActorTypeCreature;REQ_DropsBloodKeyword;REQ_MinorKnockdownImmunity
490FF210,IniGiantRace,0,ActorTypeNPC
00013746,NordRace,0,ActorTypeNPC;REQ_RaceHuman;REQ_DropsBloodKeyword
00013742,DarkElfRace,0,ActorTypeNPC;REQ_DropsBloodKeyword;REQ_RacialSkills_SneakUnperked
00013744,ImperialRace,0,ActorTypeNPC;REQ_RaceHuman;REQ_DropsBloodKeyword
00013748,RedguardRace,0,ActorTypeNPC;REQ_RaceHuman;REQ_DropsBloodKeyword
00013741,BretonRace,0,ActorTypeNPC;REQ_RaceHuman;REQ_DropsBloodKeyword;REQ_RacialSkills_CreatePotionsUnperked;REQ_RacialSkills_RechargeWeaponsUnperked
00013747,OrcRace,0,ActorTypeNPC;REQ_StrongStomach;REQ_DropsBloodKeyword
00013749,WoodElfRace,0,ActorTypeNPC;REQ_StrongStomach;REQ_DropsBloodKeyword;REQ_RacialSkills_SneakUnperked;REQ_RacialSkills_CreatePotionsUnperked;REQ_RacialSkills_PickpocketUnperked
00013745,KhajiitRace,0,ActorTypeNPC;IsBeastRace;REQ_StrongStomach;REQ_DropsBloodKeyword;REQ_RacialSkills_SneakUnperked;REQ_RacialSkills_CreatePotionsUnperked;REQ_RacialSkills_PickpocketUnperked;REQ_RacialSkills_LockpickUnperked
00013740,ArgonianRace,0,ActorTypeNPC;IsBeastRace;REQ_StrongStomach;REQ_DropsBloodKeyword;REQ_RacialSkills_SneakUnperked;REQ_RacialSkills_CreatePotionsUnperked;REQ_RacialSkills_LockpickUnperked
00013743,HighElfRace,0,ActorTypeNPC;REQ_DropsBloodKeyword;REQ_RacialSkills_RechargeWeaponsUnperked
00097A3D,DA13AfflictedRace,0,ActorTypeNPC;REQ_DropsBloodKeyword;ImmuneParalysis;REQ_MinorKnockdownImmunity
00067CD8,ElderRace,0,ActorTypeNPC;REQ_DropsBloodKeyword
000131FB,HagravenRace,0,ActorTypeCreature;REQ_DropsBloodKeyword
0002C65B,NordRaceChild,0,ActorTypeNPC;REQ_RaceHuman
000131F4,FalmerRace,0,ActorTypeCreature;UpdateDuringArchery;REQ_DropsBloodKeyword
1F002800,EC_SS_GrummiteRace,0,ActorTypeCreature;IsBeastRace;REQ_DropsBloodKeyword;UpdateDuringArchery
2805C595,GoblinRace,0,ActorTypeNPC;reqRaceIsDefaultRace
04017F44,DLC2RieklingRace,0,ActorTypeCreature;DLC2RieklingKeyword;REQ_DropsBloodKeyword
0010760A,ManakinRace,0,ActorTypeNPC
FE6E2814,MinotaurRace,0,ActorTypeNPC;reqRaceIsDefaultRace
FE021800,ccBGSSSE040_GoblinRace,0,ActorTypeCreature;DLC2RieklingKeyword;REQ_DropsBloodKeyword
3054400F,zzzCHMntrRaceSoulless,0,ActorTypeNPC;ActorTypeAnimal;IsBeastRace;NoDecapitate
3050F8B8,zzzCHMntrRace,0,ActorTypeNPC;ActorTypeAnimal;IsBeastRace
30500DBA,zzzCHImgaHumanRace,0,ActorTypeNPC;ImmuneParalysis;IsBeastRace;NoDecapitate
0002C659,ImperialRaceChild,0,ActorTypeNPC;REQ_RaceHuman
0002C65A,RedguardRaceChild,0,ActorTypeNPC;REQ_RaceHuman
040179CF,DLC2MountedRieklingRace,0,MagicNoReanimate;ImmuneParalysis;DLC2RieklingMountedKeyword;REQ_DropsBloodKeyword
0200377D,SnowElfRace,0,ActorTypeNPC;REQ_DropsBloodKeyword
00071E6A,InvisibleRace,0,ActorTypeNPC
0002C65C,BretonRaceChild,0,ActorTypeNPC;REQ_RaceHuman
3050F8C8,zzzCHMntrRaceChild,0,ActorTypeNPC;ActorTypeAnimal;IsBeastRace
FE603806,JKJKhajiitPahmarRaht,0,ActorTypeNPC;IsBeastRace
FE603815,JKJKhajiitSuthayRahtAltTiger,0,ActorTypeNPC;IsBeastRace
9C000D61,LAMIzzzM150LE_Lamia_Race,0,ActorTypeCreature;ImmuneParalysis
28081686,DunmerRaceChild,0,ActorTypeNPC;reqRaceIsDefaultRace
FE603807,JKJKhajiitCathayRaht,0,ActorTypeNPC;IsBeastRace
FE603805,JKJKhajiitOhmes,0,ActorTypeNPC;IsBeastRace
FE6038C4,JKJKhajiitOhmesRahtRace,0,ActorTypeNPC;IsBeastRace
FE60380A,JKJKhajiitSuthayRaht,0,ActorTypeNPC;IsBeastRace
FE603808,JKJKhajiitTojay,0,ActorTypeNPC;IsBeastRace
87534B53,REQ_Race_Illusion_ShadowSummon,0,ActorTypeNPC;ImmuneParalysis;ImmuneStrongUnrelentingForce;REQ_MinorKnockdownImmunity
FE010824,BGSSSE018_ArgonianRaceDoppelganger,0,ActorTypeNPC;IsBeastRace;DA15WabbajackExcludedKeyword
FE749836,BeastHHBB_ArgonianPOLY_02,0,ActorTypeNPC;IsBeastRace
4A00435E,urshug_DarkelfRaceChild,0,ActorTypeNPC
4A004900,urshug_HighelfRaceChild,0,ActorTypeNPC
3300203C,ksws07SnowElfRace,0,ActorTypeNPC;REQ_DropsBloodKeyword
9512624D,AK69KatanaRace,0,ActorTypeNPC
FE010828,BGSSSE018_KhajiitRaceDoppelganger,0,ActorTypeNPC;IsBeastRace;DA15WabbajackExcludedKeyword
FE603809,JKJKhajiitDagiRaht,0,ActorTypeNPC;IsBeastRace
3006592B,zzzCOChildRaceKillable,0,ActorTypeNPC;MagicNoReanimate;MagicNoInvisibility
30510AE2,zzzCHMntrRaceElder,0,ActorTypeNPC;ActorTypeAnimal;IsBeastRace
FE133800,KWVig_NedeRace,0,ActorTypeNPC
216A01D8,HD1RaceChild,0,ActorTypeNPC
FE010829,BGSSSE018_NordRaceDoppelganger,0,ActorTypeNPC;DA15WabbajackExcludedKeyword
2140217B,HDGoreRace,0,ActorTypeNPC;REQ_RaceHuman;REQ_DropsBloodKeyword
0007EAF3,NordRaceAstrid,0,ActorTypeNPC;REQ_RaceHuman
4A000D6B,urshug_OrcRaceChild,0,ActorTypeNPC
FE01082A,BGSSSE018_OrcRaceDoppelganger,0,ActorTypeNPC;DA15WabbajackExcludedKeyword
FE696819,REQ_Race_Illusion_ShadowClone,0,ActorTypeNPC;ImmuneStrongUnrelentingForce;ImmuneParalysis;REQ_MinorKnockdownImmunity
FE01082B,BGSSSE018_WoodElfRaceDoppelganger,0,ActorTypeNPC;DA15WabbajackExcludedKeyword
4A004901,urshug_WoodelfRaceChild,0,ActorTypeNPC
FE733816,0Asy1um_OthrielSnowElfRace,0,ActorTypeNPC
FE749D62,BeastHHBB_ArgonianPOLY,0,ActorTypeNPC;IsBeastRace
660BBEE7,WB_ConjureCraftlord_Race,0,ActorTypeNPC;REQ_SneakAttackImmunity
FE6E2807,FeralMinotaurRace,0,ActorTypeCreature;reqRaceIsDLC1GargoyleVariantGreenRace
88228876,Mirel_RFDP_AncientDragonbornRace,0,ActorTypeNPC;MagicNoReanimate;REQ_SneakAttackImmunity;REQ_MinorKnockdownImmunity
FE749834,BeastHHBB_KhajiitLeopardPOLY,0,ActorTypeNPC;IsBeastRace
FE74980C,BeastHHBB_KhajiitPOLY_Tigress,0,ActorTypeNPC;IsBeastRace
FE749822,BeastHHBB_KhajiitCheetahPOLY,0,ActorTypeNPC;IsBeastRace
90000C4D,JEL_MinotaurRace,0,ActorTypeCreature;UpdateDuringArchery;REQ_MinorKnockdownImmunity;ImmuneParalysis;IsBeastRace
FE6CC825,COTRRace,0,ActorTypeNPC
0403CA97,DLC2MiraakRace,0,DLC2ActorTypeMiraak;REQ_SneakAttackImmunity;REQ_DropsBloodKeyword;REQ_RaceHuman
FE08C81D,_K02_LightningRailActorRace,0,ActorTypeNPC
1F099D31,EC_SS_ThoronRace,0,ActorTypeNPC
30080D5B,zzzCHShoggothLittleRace,0,ActorTypeCreature;zzzCHActorTypeShoggoth
000131FE,IceWraithRace,0,MagicNoDistintegrate;ActorTypeCreature;MagicNoReanimate;ImmuneParalysis;MagicNoInvisibility;REQ_SneakAttackImmunity
30080D5D,zzzCHShoggothRace,0,ActorTypeCreature;ImmuneParalysis;zzzCHActorTypeShoggoth
300B0E92,zzzCHGiantBloodSuckerRace,0,ActorTypeCreature;zzzCHActorTypeShoggoth
30080D5C,zzzCHShoggothFLYRace,0,ActorTypeCreature;MagicNoReanimate;ImmuneParalysis;MagicNoInvisibility;zzzCHActorTypeShoggoth
000F3903,SprigganMatronRace,0,ActorTypeCreature;MagicNoInvisibility;DLC1WerewolfFeedExclude;REQ_SneakAttackImmunity;REQ_Spriggan;ImmuneParalysis
0401B644,DLC2SprigganBurntRace,0,ActorTypeCreature;ImmuneParalysis;MagicNoInvisibility;DLC1WerewolfFeedExclude;REQ_SneakAttackImmunity;REQ_Spriggan
00013204,SprigganRace,0,ActorTypeCreature;MagicNoInvisibility;DLC1WerewolfFeedExclude;REQ_SneakAttackImmunity;REQ_Spriggan;ImmuneParalysis
30080D5A,zzzCHHMYoungRace,0,ActorTypeCreature;MagicNoInvisibility;MagicNoReanimate;ImmuneParalysis;zzzCHActorTypeShoggoth
000B6F95,MagicAnomalyRace,0,ActorTypeCreature;MagicNoReanimate;MagicNoInvisibility;ImmuneParalysis;REQ_SneakAttackImmunity
8D00603E,REQ_Race_Conjuration_FireWyrm,0,MagicNoReanimate;ImmuneParalysis;MagicNoInvisibility;REQ_SneakAttackImmunity;MagicNoDistintegrate;ActorTypeCreature
02019D86,DLC1GargoyleVariantGreenRace,0,ActorTypeCreature;ImmuneParalysis;REQ_MinorKnockdownImmunity
8D0061BD,REQ_Race_Conjuration_StormWyrm,0,MagicNoDistintegrate;ActorTypeCreature;MagicNoReanimate;ImmuneParalysis;MagicNoInvisibility;REQ_SneakAttackImmunity
FE08B802,WitchlightRaceFAIRY,0,ActorTypeCreature;MagicNoReanimate;ImmuneParalysis;RaceUseGeometryEmitterForParticles;REQ_SneakAttackImmunity
A4277BB6,JRmihailimprace,0,ActorTypeNPC
300B8AD8,zzzCHBloodSuckerRace,0,ActorTypeCreature;zzzCHActorTypeShoggoth
284506AF,SoM_I5KDreughRace,0,ActorTypeCreature;ImmuneParalysis;reqRaceIsDragonPriestRace
1F0524C5,EC_SS_ScalonRace,0,ActorTypeCreature;UpdateDuringArchery;REQ_MinorKnockdownImmunity;REQ_DropsBloodKeyword
300B0D85,zzzCHBloodSuckerFishRace,0,ActorTypeCreature;MagicNoReanimate;zzzCHActorTypeShoggoth
0C1B691F,ccBGSSSE025_CorruptedSprigganRaceDementia,0,ActorTypeCreature;ImmuneParalysis;MagicNoInvisibility;DLC1WerewolfFeedExclude;REQ_SneakAttackImmunity;REQ_Spriggan
0C1B6918,ccBGSSSE025_CorruptedSprigganRaceMania,0,ActorTypeCreature;ImmuneParalysis;MagicNoInvisibility;DLC1WerewolfFeedExclude;REQ_SneakAttackImmunity;REQ_Spriggan
0200A2C6,DLC1GargoyleRace,0,ActorTypeCreature;ImmuneParalysis;REQ_MinorKnockdownImmunity
02010D00,DLC1GargoyleVariantBossRace,0,ActorTypeCreature;ImmuneParalysis;REQ_MinorKnockdownImmunity
02013B77,SprigganEarthMotherRace,0,ActorTypeCreature;ImmuneParalysis;MagicNoInvisibility;DLC1WerewolfFeedExclude;REQ_SneakAttackImmunity;REQ_Spriggan
6735E36B,TVR_Totem_Race_Totem,0,ActorTypeCreature
000F1182,WispShadeRace,0,ActorTypeCreature;MagicNoReanimate;REQ_SneakAttackImmunity
A4277BB8,JRmihailimpracechargedshock,0,ActorTypeNPC
2F000800,mihailgoronrace,0,ImmuneParalysis;ActorTypeCreature;reqRaceIsAtronachFrostRace
1F152150,EC_SS_CorruptedSprigganBossRaceMania,0,ActorTypeCreature;ImmuneParalysis;MagicNoInvisibility;DLC1WerewolfFeedExclude;REQ_SneakAttackImmunity;REQ_Spriggan
04029EE7,DLC2dunKarstaagIceWraithRace,0,MagicNoDistintegrate;ActorTypeCreature;MagicNoReanimate;ImmuneParalysis;MagicNoInvisibility;REQ_SneakAttackImmunity
30080D5E,zzzCHShoggothMotherRace,0,ActorTypeCreature;MagicNoReanimate;ImmuneParalysis;zzzCHActorTypeShoggoth;ImmuneStrongUnrelentingForce;REQ_MinorKnockdownImmunity;REQ_SneakAttackImmunity
8D006077,REQ_Race_Conjuration_SpiritWispmother,0,ActorTypeCreature;MagicNoReanimate;ImmuneParalysis;REQ_SneakAttackImmunity
A4277BB9,JRmihailimpracebossfire,0,ActorTypeNPC
A4277BBA,JRmihailimpracebossshock,0,ActorTypeNPC
A4277BB7,JRmihailimpracechargedfire,0,ActorTypeNPC
2803832F,mihaillameraceABOM,0,ActorTypeCreature;reqRaceIsDraugrRace
2803D436,mihailcorpruspukerrace,0,ActorTypeCreature;reqRaceIsDraugrRace
2805695A,mihailcorprusghoulraza,0,ActorTypeCreature;reqRaceIsDLC1GargoyleRace
28051852,mihailcorprushunterraza,0,ActorTypeCreature;reqRaceIsDLC1GargoyleRace
1F152151,EC_SS_CorruptedSprigganBossRaceDementia,0,ActorTypeCreature;ImmuneParalysis;MagicNoInvisibility;DLC1WerewolfFeedExclude;REQ_SneakAttackImmunity;REQ_Spriggan
23337CC2,GRVEWitchPriestRace,0,ActorTypeCreature;ImmuneParalysis;reqRaceIsDragonPriestRace
96005901,mihail_monster_snowray_race,0,ActorTypeCreature;ImmuneParalysis;reqRaceIsIceWraithRace
FE069838,_Sn_DLC2LurkerRace,0,ActorTypeCreature
FE065910,_AII_StoneGargoyleRace,0,ActorTypeCreature;ImmuneParalysis;REQ_MinorKnockdownImmunity
00013209,WitchlightRace,0,ActorTypeCreature;MagicNoReanimate;ImmuneParalysis;RaceUseGeometryEmitterForParticles;REQ_SneakAttackImmunity
04029EFC,DLC2dunInstrumentsRace,0,ActorTypeCreature;MagicNoReanimate;ImmuneParalysis;RaceUseGeometryEmitterForParticles
0009AA44,SprigganSwarmRace,0,ActorTypeCreature;MagicNoReanimate;DLC1WerewolfFeedExclude
00000019,DefaultRace,0,
0403C35F,DLC2FakeCoffinRace,0,
FE06C82D,_PU_InvisibleRace,0,
00013206,TrollFrostRace,0,ActorTypeCreature;ActorTypeAnimal;ActorTypeTroll;REQ_DropsBloodKeyword;REQ_MinorKnockdownImmunity
00013205,TrollRace,0,ActorTypeCreature;ActorTypeAnimal;ActorTypeTroll;REQ_DropsBloodKeyword;REQ_MinorKnockdownImmunity
020117F4,DLC1TrollFrostRaceArmored,0,ActorTypeCreature;ActorTypeAnimal;ActorTypeTroll;REQ_DropsBloodKeyword;REQ_MinorKnockdownImmunity
FE74E800,mihailudefrykte_race,0,ActorTypeCreature;ActorTypeAnimal;ActorTypeTroll;REQ_DropsBloodKeyword;REQ_MinorKnockdownImmunity
020117F5,DLC1TrollRaceArmored,0,ActorTypeCreature;ActorTypeAnimal;ActorTypeTroll;REQ_DropsBloodKeyword;REQ_MinorKnockdownImmunity
FE3049FA,og_TrollFrostGrahlRace,0,ActorTypeCreature;ActorTypeAnimal;ActorTypeTroll;reqRaceIsTrollFrostRace
96015042,mihail_monster_grahl_race,0,ActorTypeAnimal;ActorTypeCreature;ActorTypeTroll;reqRaceIsTrollFrostRace
FE6E1800,mihailtrollcub_race,0,ActorTypeAnimal;ActorTypeCreature;ActorTypeTroll;reqRaceIsTrollRace
FE304A12,og_TrollFrostGrahlRaceFollower,0,ActorTypeCreature;ActorTypeAnimal;ActorTypeTroll;reqRaceIsTrollFrostRace
00088794,NordRaceVampire,0,ActorTypeNPC;ActorTypeUndead;Vampire;IsBeastRace;REQ_MinorKnockdownImmunity;REQ_RacialSkills_SneakUnperked
0008883C,BretonRaceVampire,0,ActorTypeNPC;ActorTypeUndead;Vampire;IsBeastRace;REQ_MinorKnockdownImmunity;REQ_RacialSkills_SneakUnperked;REQ_RacialSkills_CreatePotionsUnperked;REQ_RacialSkills_RechargeWeaponsUnperked
0008883D,DarkElfRaceVampire,0,ActorTypeNPC;ActorTypeUndead;Vampire;IsBeastRace;REQ_MinorKnockdownImmunity;REQ_RacialSkills_SneakUnperked
00088844,ImperialRaceVampire,0,ActorTypeNPC;ActorTypeUndead;Vampire;IsBeastRace;REQ_MinorKnockdownImmunity;REQ_RacialSkills_SneakUnperked
00088840,HighElfRaceVampire,0,ActorTypeNPC;ActorTypeUndead;Vampire;IsBeastRace;REQ_MinorKnockdownImmunity;REQ_RacialSkills_SneakUnperked;REQ_RacialSkills_RechargeWeaponsUnperked
000A82B9,OrcRaceVampire,0,ActorTypeNPC;ActorTypeUndead;Vampire;IsBeastRace;REQ_StrongStomach;REQ_MinorKnockdownImmunity;REQ_RacialSkills_SneakUnperked
0008883A,ArgonianRaceVampire,0,ActorTypeNPC;ActorTypeUndead;Vampire;IsBeastRace;REQ_StrongStomach;REQ_MinorKnockdownImmunity;REQ_RacialSkills_SneakUnperked;REQ_RacialSkills_CreatePotionsUnperked;REQ_RacialSkills_LockpickUnperked
00088884,WoodElfRaceVampire,0,ActorTypeNPC;ActorTypeUndead;Vampire;IsBeastRace;REQ_StrongStomach;REQ_MinorKnockdownImmunity;REQ_RacialSkills_SneakUnperked;REQ_RacialSkills_CreatePotionsUnperked;REQ_RacialSkills_PickpocketUnperked
00088846,RedguardRaceVampire,0,ActorTypeNPC;ActorTypeUndead;Vampire;IsBeastRace;REQ_MinorKnockdownImmunity;REQ_RacialSkills_SneakUnperked
00088845,KhajiitRaceVampire,0,ActorTypeNPC;ActorTypeUndead;Vampire;IsBeastRace;REQ_StrongStomach;REQ_MinorKnockdownImmunity;REQ_RacialSkills_SneakUnperked;REQ_RacialSkills_CreatePotionsUnperked;REQ_RacialSkills_PickpocketUnperked;REQ_RacialSkills_LockpickUnperked
00000D53,DraugrRace,0,ActorTypeCreature;ActorTypeUndead;UpdateDuringArchery;REQ_SneakAttackImmunity
FE3049CF,ogcd_DraugrRace,0,ActorTypeCreature;ActorTypeUndead;UpdateDuringArchery;REQ_SneakAttackImmunity;reqRaceIsDraugrRace
000B7998,skeletonRace,0,ActorTypeCreature;ActorTypeUndead;MagicNoReanimate;ImmuneParalysis;REQ_SneakAttackImmunity
300B07E1,zzzCHBoneHumanRace,0,ActorTypeNPC;ActorTypeUndead;ImmuneParalysis;REQ_SneakAttackImmunity;MagicNoReanimate;NoDecapitate
020023E2,SkeletonArmorRace,0,ActorTypeCreature;ActorTypeUndead;UpdateDuringArchery;REQ_SneakAttackImmunity
FEA0D819,DraugrHumanoid,0,ActorTypeCreature;ActorTypeUndead;UpdateDuringArchery;REQ_SneakAttackImmunity
FE001D6B,ccBGSSSE003ZombieRace,0,ActorTypeCreature;ActorTypeUndead;UpdateDuringArchery;REQ_SneakAttackImmunity
000B9FD7,RigidSkeletonRace,0,ActorTypeCreature;ActorTypeUndead;REQ_SneakAttackImmunity
FE7F8858,DragonPriestHumanoid,0,ActorTypeNPC;ActorTypeCreature;ActorTypeUndead;ImmuneStrongUnrelentingForce;MagicNoReanimate;ImmuneParalysis;REQ_SneakAttackImmunity;UND_ExcludeDodge;DA15WabbajackExcludedKeyword
000EB872,SkeletonNecroRace,0,ActorTypeCreature;ActorTypeUndead;REQ_SneakAttackImmunity;REQ_MinorKnockdownImmunity;ActorTypeGhost
30080D51,zzzCHAlessianGhoulRace,0,ActorTypeCreature;ActorTypeUndead;UpdateDuringArchery
300818A6,zzzCHAlessianSleeperRace,0,ActorTypeCreature;ActorTypeUndead
22084640,000FCZombieRace,0,ActorTypeNPC;reqRaceIsDefaultRace
FE03780C,ccVSVSSE003_LichRace,0,ActorTypeCreature;ActorTypeUndead;ImmuneParalysis;MagicNoReanimate;REQ_SneakAttackImmunity;DA15WabbajackExcludedKeyword;ImmuneStrongUnrelentingForce
0B1DB955,ccBGSSSE067_WightRace,0,ActorTypeCreature;ActorTypeUndead;UpdateDuringArchery;REQ_SneakAttackImmunity
270988F7,TOK_RACE_SkeletonGreaterRace,0,ActorTypeCreature;ActorTypeUndead;UpdateDuringArchery;ImmuneParalysis;MagicNoReanimate;REQ_SneakAttackImmunity;REQ_MinorKnockdownImmunity
0201AACC,FalmerFrozenVampRace,0,ActorTypeCreature;UpdateDuringArchery;ActorTypeUndead;Vampire
270988F6,TOK_RACE_SkeletonLesserRace,0,ActorTypeCreature;ActorTypeUndead;MagicNoReanimate;ImmuneParalysis;UpdateDuringArchery;REQ_SneakAttackImmunity;REQ_MinorKnockdownImmunity
30510AE1,zzzCHMntrRaceVampire,0,ActorTypeNPC;ActorTypeAnimal;IsBeastRace;ActorTypeUndead;NoDecapitate
30080D50,zzzCHAlessianLawmageRace,0,ActorTypeCreature;ActorTypeUndead;ImmuneParalysis
0401B637,DLC2AshSpawnRace,0,ActorTypeCreature;UpdateDuringArchery;DLC2AshSpawnKeyword;REQ_SneakAttackImmunity;ActorTypeUndead
0402A6FD,DLC2HulkingDraugrRace,0,ActorTypeCreature;ActorTypeUndead;UpdateDuringArchery;REQ_SneakAttackImmunity
30053E71,zzzCOBuroRace,0,ActorTypeNPC;zzzCOActorTypeCurse;ActorTypeUndead;NoDecapitate
30080D58,zzzCHShamblesRace,0,MagicNoInvisibility;ActorTypeCreature;MagicNoReanimate;ImmuneParalysis;ActorTypeUndead;REQ_MinorKnockdownImmunity
02006AFA,DLC1SoulCairnSkeletonNecroRace,0,ActorTypeCreature;ActorTypeUndead;ImmuneParalysis;REQ_SneakAttackImmunity;REQ_MinorKnockdownImmunity
02019FD3,DLC1BlackSkeletonRace,0,ActorTypeCreature;ActorTypeUndead;MagicNoReanimate;ImmuneParalysis;UpdateDuringArchery;REQ_SneakAttackImmunity;REQ_MinorKnockdownImmunity
30080D60,zzzCHEbonyPriestRace,0,ActorTypeCreature;ActorTypeUndead;ImmuneParalysis;REQ_SneakAttackImmunity
000F71DC,DraugrMagicRace,0,MagicNoDistintegrate;ActorTypeCreature;ActorTypeUndead;ActorTypeGhost;ImmuneParalysis;UpdateDuringArchery;REQ_SneakAttackImmunity
30080D69,zzzCHBoneStormRace,0,ActorTypeCreature;MagicNoInvisibility;MagicNoReanimate;ImmuneParalysis;ActorTypeUndead;REQ_SneakAttackImmunity
30080D56,zzzCHBoneWheelRace,0,ActorTypeUndead;MagicNoReanimate;ImmuneParalysis;ActorTypeCreature;REQ_SneakAttackImmunity
FE03780E,ccVSVSSE003_BoneColossusRace,0,ActorTypeCreature;ActorTypeUndead;ImmuneParalysis;REQ_MinorKnockdownImmunity;REQ_SneakAttackImmunity
30036C11,zzzBMLichVampireRace,0,ActorTypeCreature;ActorTypeUndead;ImmuneParalysis;zzzBMActorTypeLamaeBlood
A41F33DF,aaaLucDweWarriorRace,0,ActorTypeNPC;Vampire;MagicNoReanimate;NoSoulTrap;ImmuneParalysis
30080D59,zzzCHShamblesLordRace,0,ImmuneParalysis;MagicNoReanimate;ActorTypeUndead;ActorTypeCreature;REQ_MinorKnockdownImmunity
30080D53,zzzCHVarlaHoundRace,0,AtT_NamedNode&NPC%SPC%Spine2%SPC%%LBR%Spn2%RBR%_NamedNode&MagicEffectsNode;ActorTypeCreature;ActorTypeUndead;REQ_SneakAttackImmunity
302B8859,zzzCHBoneHumanBossRace,0,ActorTypeNPC;ActorTypeUndead;ImmuneParalysis;MagicNoReanimate;REQ_SneakAttackImmunity;NoDecapitate
30080D54,zzzCHBoneLooperRace,0,ActorTypeCreature;ActorTypeUndead;REQ_SneakAttackImmunity
0200C5F0,DLC1DeathHoundRace,0,ActorTypeCreature;ActorTypeUndead;REQ_SneakAttackImmunity
300D881E,zzzBMFalVampRace,0,ActorTypeCreature;UpdateDuringArchery;ActorTypeUndead;zzzBMActorTypeLamaeBlood
30530B0B,zzzCOCursedGiantRace,0,ActorTypeCreature;ActorTypeUndead;zzzCOActorTypeCurse
30036C10,zzzBMTrollVampireRace,0,ActorTypeCreature;ActorTypeUndead;zzzBMActorTypeLamaeBlood;REQ_MinorKnockdownImmunity
3004204C,zzzCOVabriaBuroRace,0,ActorTypeCreature;MagicNoInvisibility;MagicNoReanimate;ImmuneParalysis;zzzCOActorTypeCurse;ActorTypeUndead
30041AE0,zzzCOBuroDancerRace,0,ActorTypeCreature;MagicNoInvisibility;MagicNoReanimate;ImmuneParalysis;zzzCOActorTypeCurse;ActorTypeUndead
000131EF,DragonPriestRace,0,ActorTypeCreature;ActorTypeUndead;ImmuneStrongUnrelentingForce;MagicNoReanimate;ImmuneParalysis;DA15WabbajackExcludedKeyword;REQ_SneakAttackImmunity
FE3049D1,ogcd_DLC2HulkingDraugrRace,0,ActorTypeCreature;ActorTypeUndead;UpdateDuringArchery;REQ_SneakAttackImmunity;reqRaceIsDraugrRace
3004052E,zzzCOFleshSpiritRace,0,ActorTypeCreature;MagicNoReanimate;ImmuneParalysis;MagicNoInvisibility;zzzCOActorTypeCurse;ActorTypeUndead
30530B0A,zzzCOCursedOrphanRace,0,ActorTypeUndead;ActorTypeCreature;zzzCOActorTypeCurse
FE06585C,_AII_EternalLegionRace,0,ActorTypeCreature;ActorTypeUndead;MagicNoReanimate;ImmuneParalysis;REQ_SneakAttackImmunity
01002F93,ccBGSSSE036_BoneWolfCompanionRace,0,ActorTypeAnimal;ActorTypeCreature;ActorTypeUndead
30041575,zzzCOFleshGuardianRace,0,MagicNoInvisibility;ActorTypeCreature;MagicNoReanimate;ImmuneParalysis;zzzCOActorTypeCurse;ImmuneStrongUnrelentingForce;ActorTypeUndead
300B5AAC,zzzCHArachneRaceLarge,0,ActorTypeCreature;ActorTypeUndead
300B5AAB,zzzCHArachneRaceGiant,0,ActorTypeCreature;ActorTypeUndead
30080D52,zzzCHBoneHorseRace,0,ImmuneParalysis;ActorTypeCreature;DummyHorseReanimate;ActorTypeUndead;REQ_SneakAttackImmunity
2F62DAD1,manny_GF_Race_Draukiir,0,ActorTypeCreature;ActorTypeUndead;UpdateDuringArchery;reqRaceIsDraugrRace
2A01772A,NecroLichRace,0,ActorTypeUndead;ImmuneParalysis;ActorTypeLich;ImmuneStrongUnrelentingForce;REQ_SneakAttackImmunity;reqRaceIsDragonPriestRace
23056BE4,GRVEShadowmanRace,0,ActorTypeCreature;MagicNoInvisibility;DLC1WerewolfFeedExclude;ActorTypeUndead;MagicNoReanimate;reqRaceIsSprigganRace
0200283A,DLC1VampireBeastRace,0,ActorTypeUndead;Vampire;IsBeastRace;ImmuneParalysis;REQ_MinorKnockdownImmunity
FE03780F,ccVSVSSE003_WailingWraithRace,0,ActorTypeCreature;MagicNoReanimate;ImmuneParalysis;REQ_SneakAttackImmunity
00013208,WispRace,0,ActorTypeCreature;MagicNoReanimate;ImmuneParalysis;REQ_SneakAttackImmunity
304FE93E,zzzCHBoneHumanBossRacex020,0,ActorTypeNPC;ActorTypeUndead;ImmuneParalysis;MagicNoReanimate;REQ_SneakAttackImmunity;NoDecapitate
FE6F3800,mihailwraithrace,0,ActorTypeCreature;ActorTypeUndead;UpdateDuringArchery;ImmuneParalysis;reqRaceIsDraugrRace;ActorTypeGhost;MagicNoReanimate;REQ_SneakAttackImmunity;REQ_MinorKnockdownImmunity
2321F8BB,GRVEGolemShooterRace,0,NoSoulTrap;MagicNoReanimate;ImmuneParalysis;ActorTypeUndead;reqRaceIsC06WolfSpiritRace
0401CAD8,DLC2GhostFrostGiantRace,0,MagicNoDistintegrate;ActorTypeCreature;REQ_SneakAttackImmunity;REQ_MinorKnockdownImmunity
30080D5F,zzzCHEbonyGiantRace,0,ActorTypeCreature;ActorTypeUndead;ImmuneStrongUnrelentingForce;ActorTypeGiant;REQ_MinorKnockdownImmunity
FE03780D,ccVSVSSE003_TorturedShadeRace,0,ActorTypeCreature;ActorTypeUndead;MagicNoReanimate;REQ_SneakAttackImmunity;ActorTypeGhost;REQ_MinorKnockdownImmunity
232AE33B,GRVEThundermanRace,0,ActorTypeCreature;MagicNoInvisibility;DLC1WerewolfFeedExclude;ActorTypeUndead;MagicNoReanimate;reqRaceIsSprigganRace
300FEE63,zzzCHArachneIronRaceGiant,0,ActorTypeCreature;ActorTypeUndead
301E5405,zzzCHBlackHandRace,0,ActorTypeNPC;ActorTypeUndead;ImmuneParalysis;REQ_SneakAttackImmunity;MagicNoReanimate
300461D9,zzzCOLichChild,0,ActorTypeCreature;zzzCOActorTypeCurse;ImmuneParalysis;ActorTypeUndead
02003D02,DLC1DeathHoundCompanionRace,0,ActorTypeCreature;ActorTypeUndead;REQ_SneakAttackImmunity
67005901,TVR_Demon_Race_ConjureOathbreaker,0,ActorTypeCreature;ActorTypeUndead;ImmuneParalysis;NoSoulTrap
304F7BB8,zzzCHAlessianGiantRacex20,0,ActorTypeCreature;ActorTypeUndead;ActorTypeGiant;REQ_MinorKnockdownImmunity
30145099,zzzCHAlessianGiantRace,0,ActorTypeCreature;ActorTypeUndead;ActorTypeGiant;REQ_MinorKnockdownImmunity
304F57BE,zzzCHEbonyGiantRacex15,0,ActorTypeCreature;ActorTypeUndead;ImmuneStrongUnrelentingForce;ActorTypeGiant;REQ_MinorKnockdownImmunity
3022650F,zzzCHPopeWreckRace,0,ActorTypeCreature;NoSoulTrap;MagicNoReanimate;ImmuneParalysis;ImmuneStrongUnrelentingForce;ImmuneDragonPairedKill;ActorTypeUndead
2319BA18,GRVEPutridmanRace,0,ActorTypeCreature;MagicNoInvisibility;DLC1WerewolfFeedExclude;ActorTypeUndead;MagicNoReanimate;reqRaceIsSprigganRace
3054402C,zzzCHGiantRaceRitho,0,ActorTypeCreature;ActorTypeUndead;ImmuneStrongUnrelentingForce;ActorTypeGiant
1F1726C1,EC_SS_ShamblesRace,0,ActorTypeUndead;ImmuneParalysis;NoSoulTrap;REQ_SneakAttackImmunity
000F905F,MG07DogRace,0,MagicNoDistintegrate;ActorTypeCreature;ActorTypeUndead;ActorTypeAnimal;ActorTypeGhost;ImmuneParalysis;REQ_SneakAttackImmunity
23056BEC,GRVEVomitingMassRace,0,ActorTypeCreature;ActorTypeUndead;UpdateDuringArchery;reqRaceIsDraugrRace
02002AE0,DLC1SoulCairnSoulWispRace,0,RaceUseGeometryEmitterForParticles;MagicNoReanimate;ImmuneParalysis;ActorTypeUndead;REQ_SneakAttackImmunity;REQ_MinorKnockdownImmunity
300B5AAD,zzzCHArachneRaceSmall,0,ActorTypeCreature;ActorTypeUndead
2740B092,TOK_RACE_AyleidLichRace,0,ActorTypeCreature;ActorTypeUndead;ImmuneParalysis;MagicNoReanimate;ImmuneStrongUnrelentingForce;REQ_SneakAttackImmunity;DA15WabbajackExcludedKeyword
FE065800,_AII_BossRace,0,ActorTypeCreature;ImmuneStrongUnrelentingForce;MagicNoReanimate;ImmuneParalysis;REQ_MinorKnockdownImmunity;DA15WabbajackExcludedKeyword;REQ_SneakAttackImmunity;ActorTypeUndead
300B5A9C,zzzCHBoneStriderRace,0,ImmuneParalysis;ActorTypeCreature;ActorTypeUndead;REQ_SneakAttackImmunity
32006E77,zzzPOBabetteRace,0,ActorTypeNPC;ActorTypeUndead;Vampire
00108272,BretonRaceChildVampire,0,ActorTypeNPC;ActorTypeUndead;Vampire
302F337D,zzzCOClawlerRace,0,ActorTypeCreature;ActorTypeUndead;ImmuneParalysis;zzzCOActorTypeCurse
000EBE18,SkeletonNecroPriestRace,0,ActorTypeCreature;ActorTypeUndead;REQ_SneakAttackImmunity;REQ_MinorKnockdownImmunity
0403911A,DLC2AcolyteDragonPriestRace,0,ActorTypeCreature;ActorTypeUndead;ImmuneStrongUnrelentingForce;MagicNoReanimate;ImmuneParalysis;DA15WabbajackExcludedKeyword;REQ_SneakAttackImmunity
25C2F9A1,WTVulomDragonPriestRace,0,ActorTypeCreature;ActorTypeUndead;ImmuneParalysis;ImmuneStrongUnrelentingForce;MagicNoReanimate;REQ_SneakAttackImmunity;DA15WabbajackExcludedKeyword
302DE6EB,zzzCHDraugrHumanBossRace,0,ActorTypeNPC;ActorTypeUndead;ImmuneParalysis;REQ_SneakAttackImmunity
30530B0C,zzzCHDraugrWrappedRace,0,ActorTypeCreature;ActorTypeUndead
000A82BA,ElderRaceVampire,0,ActorTypeNPC;ActorTypeUndead;Vampire;IsBeastRace;REQ_MinorKnockdownImmunity
3004778B,zzzAoMEmpusaRace,0,ActorTypeCreature;ActorTypeUndead;ImmuneParalysis
9F1E7FE3,NTMRGiantDraugrRace,0,ActorTypeCreature;ActorTypeUndead;reqRaceIsDLC2LurkerRace
23121B13,GRVEHerrahDraugrRace,0,ActorTypeCreature;UpdateDuringArchery;reqRaceIsDraugrRace
1F0B3370,EC_SS_KnightofOrderRace,0,ActorTypeNPC;ActorTypeUndead;Vampire
6601545E,WB_Lich_Race,0,ActorTypeCreature;ActorTypeUndead;REQ_MinorKnockdownImmunity;REQ_SneakAttackImmunity
23121B0D,GRVEStatueRace,0,ActorTypeCreature;ActorTypeUndead;ImmuneParalysis;reqRaceIsDragonPriestRace
90000C4C,JEL_MinotaurLordRace,0,ActorTypeCreature;UpdateDuringArchery
6601545D,WB_NetherLich_Race,0,REQ_MinorKnockdownImmunity;ActorTypeCreature;ActorTypeUndead;REQ_SneakAttackImmunity
302E81EE,zzzCORedHagRace,0,ActorTypeCreature;ActorTypeUndead;ImmuneParalysis;zzzCOActorTypeCurse;REQ_MinorKnockdownImmunity
3004362B,zzzCORedWitchRace,1,ActorTypeCreature;NoSoulTrap;MagicNoReanimate;ImmuneParalysis;zzzCOActorTypeCurse;REQ_MinorKnockdownImmunity;ActorTypeUndead
1F1726C4,EC_SS_ShamblesRaceBoss,0,ActorTypeUndead;ImmuneParalysis;NoSoulTrap;REQ_SneakAttackImmunity
1F1726C3,EC_SS_ShamblesRaceRight,0,ActorTypeUndead;ImmuneParalysis;NoSoulTrap;REQ_SneakAttackImmunity
1F1726C2,EC_SS_ShamblesRaceLeft,0,ActorTypeUndead;ImmuneParalysis;NoSoulTrap;REQ_SneakAttackImmunity
FE34AD61,EN_SkeletonAncientAssassinRace,0,ActorTypeNPC;ActorTypeUndead;ImmuneParalysis
0403CECB,DLC2RigidSkeletonRace,0,ActorTypeCreature;ActorTypeUndead
0200894D,DLC1SoulCairnSkeletonArmorRace,0,ActorTypeCreature;ActorTypeUndead;ImmuneParalysis;UpdateDuringArchery;REQ_SneakAttackImmunity;REQ_MinorKnockdownImmunity
660BA395,WB_ConjureDeadeyeCaptain_Race,0,ActorTypeCreature;ActorTypeUndead;MagicNoReanimate;ImmuneParalysis;REQ_SneakAttackImmunity
FE06585B,_AII_DPriestBossRace,0,ActorTypeCreature;ActorTypeUndead;ImmuneStrongUnrelentingForce;MagicNoReanimate;ImmuneParalysis;DA15WabbajackExcludedKeyword;REQ_SneakAttackImmunity
30530B09,zzzCHSnakeCatRace,0,ActorTypeAnimal;ActorTypeCreature
3013C628,zzzCOStalkerRace,0,ActorTypeCreature;ImmuneStrongUnrelentingForce;ImmuneParalysis;zzzCOActorTypeCurse;ActorTypeUndead
304F7BBC,zzzBMTrollVampireRaceBoss,0,zzzBMActorTypeLamaeBlood;ActorTypeCreature;ActorTypeUndead
30446854,zzzCOWitchWispRace,0,ActorTypeCreature;MagicNoReanimate;ImmuneParalysis;ActorTypeUndead;REQ_SneakAttackImmunity
000CDD84,WerewolfBeastRace,0,ActorTypeCreature;MagicNoReanimate;IsBeastRace;ImmuneParalysis;REQ_DropsBloodKeyword;REQ_MinorKnockdownImmunity;HRI_Lycan_Keyword_IsWerecreature
FE6F2800,mihailundeadwerewolfrace,0,ActorTypeCreature;ActorTypeUndead;MagicNoReanimate;IsBeastRace;ImmuneParalysis;NoSoulTrap;REQ_MinorKnockdownImmunity;HRI_Lycan_Keyword_IsWerecreature;reqRaceIsDLC2WerebearBeastRace
0401E17B,DLC2WerebearBeastRace,0,ActorTypeCreature;MagicNoReanimate;IsBeastRace;ImmuneParalysis;DLC2WerebearKeyword;REQ_DropsBloodKeyword;REQ_MinorKnockdownImmunity;HRI_Lycan_Keyword_IsWerecreature
304F7BBE,zzzBMWereVampireRaceBoss,0,ActorTypeCreature;ImmuneParalysis;ActorTypeUndead
300D9D5F,zzzBMWereVampireRace,0,ActorTypeCreature;ImmuneParalysis;ActorTypeUndead
