id,level,family,how,lists,script_only,obvious_needs,notes
restore,family,,max over restore_* specifics. Presence-weighted: family = max over its specifics (4). Lets a rare specific borrow evidence from the family.,see specifics,,regen_suppressed,
fortify_vital,family,,max over fortify_vital_*. Presence-weighted: family = max over its specifics (3). Lets a rare specific borrow evidence from the family.,see specifics,,combat_onset; boss_fight,
regen,family,,max over regen_*. Presence-weighted: family = max over its specifics (3). Lets a rare specific borrow evidence from the family.,see specifics,,regen_suppressed,
damage,family,,max over damage_*. Presence-weighted: family = max over its specifics (10). Lets a rare specific borrow evidence from the family.,see specifics,,in_combat; enemy_mid; target_health_low; hands_empty,
absorb,family,,max over absorb_*. Presence-weighted: family = max over its specifics (3). Lets a rare specific borrow evidence from the family.,see specifics,,,
drain_vital,family,,max over drain_vital_*. Presence-weighted: family = max over its specifics (3). Lets a rare specific borrow evidence from the family.,see specifics,,,
weaken_regen,family,,max over weaken_regen_*. Presence-weighted: family = max over its specifics (3). Lets a rare specific borrow evidence from the family.,see specifics,,,
resist,family,,max over resist_*. Presence-weighted: family = max over its specifics (6). Lets a rare specific borrow evidence from the family.,see specifics,,,
weakness,family,,max over weakness_*. Presence-weighted: family = max over its specifics (6). Lets a rare specific borrow evidence from the family.,see specifics,,,
defense,family,,max over defense_*. Presence-weighted: family = max over its specifics (8). Lets a rare specific borrow evidence from the family.,see specifics,,,
fortify_skill,family,,max over fortify_skill_*. Presence-weighted: family = max over its specifics (18). Lets a rare specific borrow evidence from the family.,see specifics,,magicka_burn; combat_onset; boss_fight; loadout_staff,
fortify_combat,family,,max over fortify_combat_*. Presence-weighted: family = max over its specifics (8). Lets a rare specific borrow evidence from the family.,see specifics,,in_combat,
weaken_combat,family,,max over weaken_combat_*. Presence-weighted: family = max over its specifics (2). Lets a rare specific borrow evidence from the family.,see specifics,,,
control,family,,max over control_*. Presence-weighted: family = max over its specifics (8). Lets a rare specific borrow evidence from the family.,see specifics,,,
influence,family,,max over influence_*. Presence-weighted: family = max over its specifics (7). Lets a rare specific borrow evidence from the family.,see specifics,,,
summon,family,,max over summon_*. Presence-weighted: family = max over its specifics (6). Lets a rare specific borrow evidence from the family.,see specifics,,health_falling; in_combat; combat_onset; enemy_count; enemy_close; enemy_mid; boss_fight,
cure,family,,max over cure_*. Presence-weighted: family = max over its specifics (5). Lets a rare specific borrow evidence from the family.,see specifics,,,
vision,family,,max over vision_*. Presence-weighted: family = max over its specifics (4). Lets a rare specific borrow evidence from the family.,see specifics,,,
stealth,family,,max over stealth_*. Presence-weighted: family = max over its specifics (3). Lets a rare specific borrow evidence from the family.,see specifics,,,
movement,family,,max over movement_*. Presence-weighted: family = max over its specifics (3). Lets a rare specific borrow evidence from the family.,see specifics,,,
utility,family,,max over utility_*. Presence-weighted: family = max over its specifics (8). Lets a rare specific borrow evidence from the family.,see specifics,,,
shout,family,,max over shout_*. Presence-weighted: family = max over its specifics (1; the shout columns were dropped). Lets a rare specific borrow evidence from the family.,see specifics,,,
survival,family,,max over survival_*. Presence-weighted: family = max over its specifics (5). Lets a rare specific borrow evidence from the family.,see specifics,,,
transform,family,,max over transform_*. Presence-weighted: family = max over its specifics (2). Lets a rare specific borrow evidence from the family.,see specifics,,,
meta,family,,max over meta_*. Presence-weighted: family = max over its specifics (2). Lets a rare specific borrow evidence from the family.,see specifics,,,
self_harm,family,,"max over self_harm_*, and set directly (P) by any other harm row on a food or potion (weaken_regen, weakness, weaken_combat, control, influence, absorb, drain_skill). A consumable's side effect: what it costs its user, never what it does to a target. Presence-weighted: family = max over its specifics (3).",see specifics,,,"0.23.16 (the LoreRim R3 session). Rows set directly: V:29 / S:13 / L:86 (alcohol's Damage Stamina Regeneration and LoreRim Inebriation, Skooma's Slow and Paralysis, raw fish and Rendil's Screaming Cheese's Paralysis, M'aiq's Broth's Weakness to Fire, Aged Flin's Command). Sign learned, like survival_intoxication. Not applied to a Cloak/hazard's payload (or a wrapper's own description) on a food or potion: that hits the actors around the user, so it keeps its target-harm columns and `hostile` (none in the three dumps)."
restore_health,specific,restore,"archetype in {ValueModifier, PeakValueModifier, DualValueModifier, ValueAndParts, AccumulateMagnitude}; canonical AV Health; detrimental=0; Recover flag (0x2)=0. Script fallback: keyword MagicAlchRestoreHealth / MagicRestoreHealth, then name ""restore health"". Value G(total), total = mag x max(dur,1).",V:215 / S:146 / L:327,partly,health_deficit; health_falling; restore_pending_health; fire_damage_rate; frost_damage_rate; shock_damage_rate; magic_damage_rate; physical_damage_rate; poisoned; drain_health; healing_blocked; vampire_sun_exposure; underwater; falling; combat_ended_recent,"LoreRim and Apothecary restores are over time (5-10/s x 20 s), vanilla instant: total makes them comparable. mag >= 9999 = full restore sentinel (sets full_restore)."
restore_magicka,specific,restore,"archetype in {ValueModifier, PeakValueModifier, DualValueModifier, ValueAndParts, AccumulateMagnitude}; canonical AV Magicka; detrimental=0; Recover flag (0x2)=0. Script fallback: keyword MagicAlchRestoreMagicka / MagicRestoreMagicka, then name ""restore magicka"". Value G(total), total = mag x max(dur,1).",V:15 / S:16 / L:58,no,magicka_deficit; magicka_burn; restore_pending_magicka; shock_damage_rate; drain_magicka; loadout_destruction; loadout_conjuration; loadout_restoration; loadout_alteration; loadout_illusion; combat_ended_recent,"LoreRim and Apothecary restores are over time (5-10/s x 20 s), vanilla instant: total makes them comparable. mag >= 9999 = full restore sentinel (sets full_restore)."
restore_stamina,specific,restore,"archetype in {ValueModifier, PeakValueModifier, DualValueModifier, ValueAndParts, AccumulateMagnitude}; canonical AV Stamina; detrimental=0; Recover flag (0x2)=0. Script fallback: keyword MagicAlchRestoreStamina / MagicRestoreStamina, then name ""restore stamina"". Value G(total), total = mag x max(dur,1).",V:82 / S:69 / L:497,partly,stamina_deficit; stamina_burn; restore_pending_stamina; frost_damage_rate; drain_stamina; fatigue; loadout_two_handed,"LoreRim and Apothecary restores are over time (5-10/s x 20 s), vanilla instant: total makes them comparable. mag >= 9999 = full restore sentinel (sets full_restore)."
restore_health_other,specific,restore,"restore_health row whose effectDelivery != Self (Touch/Aimed/TargetActor/TargetLocation) or area > 0 on a Self spell (healing aura). Value = restore_health value. Conjunctive column so ""ally injured"" does not pair with self-heals.","V:~215 (subset, not split in this pass) / S:~146 (subset, not split in this pass) / L:~327 (subset, not split in this pass)",partly,ally_injured; follower_present,Not counted separately in this pass; needs delivery per row (the dump has effectDelivery).
fortify_vital_health,specific,fortify_vital,"archetype in {ValueModifier, PeakValueModifier, DualValueModifier, ValueAndParts, AccumulateMagnitude}; AV Health; detrimental=0; Recover=1 (differs from restore only by Recover). G(total), total = mag (a level, not an amount) x min(dur,3600)/3600 for timed, mag for constant.",V:111 / S:265 / L:366,no,health_deficit,"Name veto: LoreRim ""Turn Undead"" on Health (589 weapon rows) and ""Rally"" carry other mechanics on this AV -> reclassified by name."
fortify_vital_magicka,specific,fortify_vital,"archetype in {ValueModifier, PeakValueModifier, DualValueModifier, ValueAndParts, AccumulateMagnitude}; AV Magicka; detrimental=0; Recover=1 (differs from restore only by Recover). G(total), total = mag (a level, not an amount) x min(dur,3600)/3600 for timed, mag for constant.",V:117 / S:218 / L:279,no,magicka_deficit; magicka_burn,"Name veto: LoreRim ""Turn Undead"" on Health (589 weapon rows) and ""Rally"" carry other mechanics on this AV -> reclassified by name."
fortify_vital_stamina,specific,fortify_vital,"archetype in {ValueModifier, PeakValueModifier, DualValueModifier, ValueAndParts, AccumulateMagnitude}; AV Stamina; detrimental=0; Recover=1 (differs from restore only by Recover). G(total), total = mag (a level, not an amount) x min(dur,3600)/3600 for timed, mag for constant.",V:108 / S:229 / L:275,no,stamina_deficit; stamina_burn; fatigue; swimming; loadout_two_handed,"Name veto: LoreRim ""Turn Undead"" on Health (589 weapon rows) and ""Rally"" carry other mechanics on this AV -> reclassified by name."
regen_health,specific,regen,"archetype in {ValueModifier, PeakValueModifier, DualValueModifier, ValueAndParts, AccumulateMagnitude}; AV in {HealRate, HealRateMult, CombatHealthRegenMult(iply)}; detrimental=0. G(total) on mag (percent) x duration factor.",V:49 / S:277 / L:163,no,health_deficit; restore_pending_health; poisoned; drain_health; vampire_sun_exposure,
regen_magicka,specific,regen,"archetype in {ValueModifier, PeakValueModifier, DualValueModifier, ValueAndParts, AccumulateMagnitude}; AV in {MagickaRate, MagickaRateMult}; detrimental=0. G(total) on mag (percent) x duration factor.",V:246 / S:178 / L:591,partly,magicka_deficit; magicka_burn; restore_pending_magicka; drain_magicka; loadout_destruction; loadout_conjuration; loadout_restoration; loadout_alteration; loadout_illusion,
regen_stamina,specific,regen,"archetype in {ValueModifier, PeakValueModifier, DualValueModifier, ValueAndParts, AccumulateMagnitude}; AV in {StaminaRate, StaminaRateMult}; detrimental=0. G(total) on mag (percent) x duration factor.",V:46 / S:181 / L:135,partly,stamina_deficit; stamina_burn; restore_pending_stamina; drain_stamina,
damage_health_fire,specific,damage,"archetype in {ValueModifier, PeakValueModifier, DualValueModifier, ValueAndParts, AccumulateMagnitude} on AV Health (or Script / Fame carrier resolved by keyword), detrimental=1, Recover=0, archetype != Absorb. Element by keyword first: MagicDamageFire / LoreBox_LorerimFire, else resistAV FireResist. Also Cloak/SpawnHazard rows whose resistAV/keyword names this element (payload). G(total), total = mag x max(dur,1) (DoT and concentration per-second both become totals; concentration uses mag x 1).",V:430 / S:692 / L:1710,partly,target_troll,
damage_health_frost,specific,damage,"archetype in {ValueModifier, PeakValueModifier, DualValueModifier, ValueAndParts, AccumulateMagnitude} on AV Health (or Script / Fame carrier resolved by keyword), detrimental=1, Recover=0, archetype != Absorb. Element by keyword first: MagicDamageFrost / LoreBox_LorerimIce, else FrostResist. Also Cloak/SpawnHazard rows whose resistAV/keyword names this element (payload). G(total), total = mag x max(dur,1) (DoT and concentration per-second both become totals; concentration uses mag x 1).",V:440 / S:714 / L:1642,partly,,
damage_health_shock,specific,damage,"archetype in {ValueModifier, PeakValueModifier, DualValueModifier, ValueAndParts, AccumulateMagnitude} on AV Health (or Script / Fame carrier resolved by keyword), detrimental=1, Recover=0, archetype != Absorb. Element by keyword first: MagicDamageShock / LoreBox_LorerimShock, else ElectricResist. Also Cloak/SpawnHazard rows whose resistAV/keyword names this element (payload). G(total), total = mag x max(dur,1) (DoT and concentration per-second both become totals; concentration uses mag x 1).",V:389 / S:650 / L:1627,partly,,
damage_health_poison,specific,damage,"archetype in {ValueModifier, PeakValueModifier, DualValueModifier, ValueAndParts, AccumulateMagnitude} on AV Health (or Script / Fame carrier resolved by keyword), detrimental=1, Recover=0, archetype != Absorb. Element by keyword first: MagicDamagePoison / MAG_MagicDamagePoison / LoreBox_LorerimPoison / MagicDamageMiasma, else PoisonResist. Also Cloak/SpawnHazard rows whose resistAV/keyword names this element (payload). G(total), total = mag x max(dur,1) (DoT and concentration per-second both become totals; concentration uses mag x 1).",V:42 / S:286 / L:313,partly,,
damage_health_magic,specific,damage,"archetype in {ValueModifier, PeakValueModifier, DualValueModifier, ValueAndParts, AccumulateMagnitude} on AV Health (or Script / Fame carrier resolved by keyword), detrimental=1, Recover=0, archetype != Absorb. Element by keyword first: Nox_KW_Destruction_Arcane/Entropic, MagicDamageSonic, else resistAV MagicResist or none (unresisted folds here). Also Cloak/SpawnHazard rows whose resistAV/keyword names this element (payload). G(total), total = mag x max(dur,1) (DoT and concentration per-second both become totals; concentration uses mag x 1).",V:61 / S:87 / L:1145,partly,,LoreRim Arcane/Entropic/Shadow/Blood/Sonic fold here; split only if a need ever reads them.
damage_health_sun,specific,damage,"archetype in {ValueModifier, PeakValueModifier, DualValueModifier, ValueAndParts, AccumulateMagnitude} on AV Health (or Script / Fame carrier resolved by keyword), detrimental=1, Recover=0, archetype != Absorb. Element by keyword first: MAG_MagicDamageSun / REQ_SunDamage / LoreBox_LorerimSon. Also Cloak/SpawnHazard rows whose resistAV/keyword names this element (payload). G(total), total = mag x max(dur,1) (DoT and concentration per-second both become totals; concentration uses mag x 1).",V:0 / S:271 / L:157,partly,target_undead,Simonrim/LoreRim only (vanilla Dawnguard sun damage is unkeyworded: lands in magic).
damage_health_physical,specific,damage,"archetype in {ValueModifier, PeakValueModifier, DualValueModifier, ValueAndParts, AccumulateMagnitude} on AV Health (or Script / Fame carrier resolved by keyword), detrimental=1, Recover=0, archetype != Absorb. Element by keyword first: MAG_MagicDamageBleed, else resistAV DamageResist. Also Cloak/SpawnHazard rows whose resistAV/keyword names this element (payload). G(total), total = mag x max(dur,1) (DoT and concentration per-second both become totals; concentration uses mag x 1).",V:8 / S:5 / L:15,partly,,"Bleed (Simonrim), DamageResist-resisted damage."
damage_health_disease,specific,damage,"archetype in {ValueModifier, PeakValueModifier, DualValueModifier, ValueAndParts, AccumulateMagnitude} on AV Health (or Script / Fame carrier resolved by keyword), detrimental=1, Recover=0, archetype != Absorb. Element by keyword first: resistAV DiseaseResist. Also Cloak/SpawnHazard rows whose resistAV/keyword names this element (payload). G(total), total = mag x max(dur,1) (DoT and concentration per-second both become totals; concentration uses mag x 1).",V:0 / S:0 / L:18,partly,,LoreRim only (23 rows).
damage_magicka,specific,damage,"archetype in {ValueModifier, PeakValueModifier, DualValueModifier, ValueAndParts, AccumulateMagnitude}; AV Magicka; detrimental=1; Recover=0; archetype != Absorb. G(total).",V:263 / S:380 / L:1091,partly,target_magicka_low,"Shock damage often carries a hidden Magicka-damage row, frost a Stamina row: whitelisted hidden rows."
damage_stamina,specific,damage,"archetype in {ValueModifier, PeakValueModifier, DualValueModifier, ValueAndParts, AccumulateMagnitude}; AV Stamina; detrimental=1; Recover=0; archetype != Absorb. G(total).",V:268 / S:390 / L:1034,partly,target_stamina_low,"Shock damage often carries a hidden Magicka-damage row, frost a Stamina row: whitelisted hidden rows."
absorb_health,specific,absorb,archetype Absorb; AV Health. G(total).,V:245 / S:371 / L:858,no,,"Simonrim weapons repeat the row hidden at other magnitudes (perk variants): dedupe per item x column, prefer the visible row."
absorb_magicka,specific,absorb,archetype Absorb; AV Magicka. G(total).,V:201 / S:316 / L:701,no,target_magicka_low,"Simonrim weapons repeat the row hidden at other magnitudes (perk variants): dedupe per item x column, prefer the visible row."
absorb_stamina,specific,absorb,archetype Absorb; AV Stamina. G(total).,V:205 / S:321 / L:702,no,,"Simonrim weapons repeat the row hidden at other magnitudes (perk variants): dedupe per item x column, prefer the visible row."
drain_vital_health,specific,drain_vital,"archetype in {ValueModifier, PeakValueModifier, DualValueModifier, ValueAndParts, AccumulateMagnitude}; AV Health; detrimental=1; Recover=1 (lowers the max: ""Damage Maximum Health""). G(total).",V:3 / S:4 / L:60,no,,Name veto drops LoreRim Deep Freeze / Paralyzing Poison / Simonrim Silence rows that use this AV as a carrier.
drain_vital_magicka,specific,drain_vital,"archetype in {ValueModifier, PeakValueModifier, DualValueModifier, ValueAndParts, AccumulateMagnitude}; AV Magicka; detrimental=1; Recover=1 (lowers the max: ""Damage Maximum Magicka""). G(total).",V:0 / S:0 / L:32,no,,Name veto drops LoreRim Deep Freeze / Paralyzing Poison / Simonrim Silence rows that use this AV as a carrier.
drain_vital_stamina,specific,drain_vital,"archetype in {ValueModifier, PeakValueModifier, DualValueModifier, ValueAndParts, AccumulateMagnitude}; AV Stamina; detrimental=1; Recover=1 (lowers the max: ""Damage Maximum Stamina""). G(total).",V:0 / S:0 / L:22,no,,Name veto drops LoreRim Deep Freeze / Paralyzing Poison / Simonrim Silence rows that use this AV as a carrier.
weaken_regen_health,specific,weaken_regen,"archetype in {ValueModifier, PeakValueModifier, DualValueModifier, ValueAndParts, AccumulateMagnitude}; regen AV of health; detrimental=1. G(total).",V:1 / S:0 / L:15,no,,"On a food or potion it is a side effect, self_harm (0.23.16): LoreRim Inebriation, vanilla alcohol."
weaken_regen_magicka,specific,weaken_regen,"archetype in {ValueModifier, PeakValueModifier, DualValueModifier, ValueAndParts, AccumulateMagnitude}; regen AV of magicka; detrimental=1. G(total).",V:5 / S:0 / L:10,no,,"On a food or potion it is a side effect, self_harm (0.23.16): LoreRim Inebriation, vanilla alcohol."
weaken_regen_stamina,specific,weaken_regen,"archetype in {ValueModifier, PeakValueModifier, DualValueModifier, ValueAndParts, AccumulateMagnitude}; regen AV of stamina; detrimental=1. G(total).",V:32 / S:12 / L:71,no,,"On a food or potion it is a side effect, self_harm (0.23.16): LoreRim Inebriation, vanilla alcohol."
resist_fire,specific,resist,"archetype in {ValueModifier, PeakValueModifier, DualValueModifier, ValueAndParts, AccumulateMagnitude}; AV FireResist; detrimental=0. G(total) on mag (percent points); constant (armour) uses mag.",V:134 / S:248 / L:261,no,fire_damage_rate; enemy_casting_fire; target_dragon; target_element_fire,
resist_frost,specific,resist,"archetype in {ValueModifier, PeakValueModifier, DualValueModifier, ValueAndParts, AccumulateMagnitude}; AV FrostResist; detrimental=0. G(total) on mag (percent points); constant (armour) uses mag.",V:140 / S:255 / L:267,no,frost_damage_rate; enemy_casting_frost; target_dragon; target_element_frost,"Not cold, not warmth_deficit (0.23.17; confirmed via LoreRim Discord, the user, 2026-10-09): Resist Frost lowers frost damage only; it does nothing for the Survival cold meter (warming soups restore it) or the warmth rating (warm apparel, warming spells, warm food)."
resist_shock,specific,resist,"archetype in {ValueModifier, PeakValueModifier, DualValueModifier, ValueAndParts, AccumulateMagnitude}; AV ElectricResist; detrimental=0. G(total) on mag (percent points); constant (armour) uses mag.",V:133 / S:247 / L:248,no,shock_damage_rate; enemy_casting_shock; target_element_shock,
resist_poison,specific,resist,"archetype in {ValueModifier, PeakValueModifier, DualValueModifier, ValueAndParts, AccumulateMagnitude}; AV PoisonResist; detrimental=0. G(total) on mag (percent points); constant (armour) uses mag.",V:8 / S:238 / L:87,no,poisoned; target_arthropod,
resist_magic,specific,resist,"archetype in {ValueModifier, PeakValueModifier, DualValueModifier, ValueAndParts, AccumulateMagnitude}; AV MagicResist; detrimental=0. G(total) on mag (percent points); constant (armour) uses mag.",V:76 / S:219 / L:208,partly,magic_damage_rate; enemy_casting; target_caster,"Simonrim ""Resist Spell Damage"" (DestructionSkillAdvance + MAG_MagicEnchResistSpellDamage) lands here."
resist_disease,specific,resist,"archetype in {ValueModifier, PeakValueModifier, DualValueModifier, ValueAndParts, AccumulateMagnitude}; AV DiseaseResist; detrimental=0. G(total) on mag (percent points); constant (armour) uses mag.",V:3 / S:6 / L:49,no,,"No obvious need (0.23.16): it lowers the chance of catching a disease, so it does not answer diseased (one already caught; Cure Disease does). A disease-exposure need would pair with it: roadmap 'Needs and effects to add'."
weakness_fire,specific,weakness,"archetype in {ValueModifier, PeakValueModifier, DualValueModifier, ValueAndParts, AccumulateMagnitude}; AV FireResist; detrimental=1. G(total).",V:5 / S:178 / L:21,no,,Simonrim weapon enchantments (Weakness to X ~170 items each).
weakness_frost,specific,weakness,"archetype in {ValueModifier, PeakValueModifier, DualValueModifier, ValueAndParts, AccumulateMagnitude}; AV FrostResist; detrimental=1. G(total).",V:5 / S:180 / L:20,no,,Simonrim weapon enchantments (Weakness to X ~170 items each).
weakness_shock,specific,weakness,"archetype in {ValueModifier, PeakValueModifier, DualValueModifier, ValueAndParts, AccumulateMagnitude}; AV ElectricResist; detrimental=1. G(total).",V:5 / S:178 / L:23,no,,Simonrim weapon enchantments (Weakness to X ~170 items each).
weakness_poison,specific,weakness,"archetype in {ValueModifier, PeakValueModifier, DualValueModifier, ValueAndParts, AccumulateMagnitude}; AV PoisonResist; detrimental=1. G(total).",V:0 / S:177 / L:22,no,,Simonrim weapon enchantments (Weakness to X ~170 items each).
weakness_magic,specific,weakness,"archetype in {ValueModifier, PeakValueModifier, DualValueModifier, ValueAndParts, AccumulateMagnitude}; AV MagicResist; detrimental=1. G(total).",V:5 / S:7 / L:45,no,,Simonrim weapon enchantments (Weakness to X ~170 items each).
weakness_armor,specific,weakness,"archetype in {ValueModifier, PeakValueModifier, DualValueModifier, ValueAndParts, AccumulateMagnitude}; AV DamageResist; detrimental=1. G(total).",V:4 / S:213 / L:84,no,,"Simonrim ""Damage Armor"" weapon enchantment (205 rows)."
defense_armor,specific,defense,"archetype in {ValueModifier, PeakValueModifier, DualValueModifier, ValueAndParts, AccumulateMagnitude}; AV DamageResist; detrimental=0 (Oakflesh..Dragonhide, Fortify Armor Rating). G(total). A stated percentage on a zero-magnitude row (vanilla Dragonhide ""ignores <80>%"", Requiem Sanctuary ""<20>% chance"") is valued p/100 outside the points population: an approximation that ranks it, not a percentile.",V:25 / S:291 / L:400,no,health_deficit; health_falling; physical_damage_rate; in_combat; combat_onset; surrounded; target_archer; loadout_one_handed; loadout_two_handed,Hidden Simonrim DamageResist carriers named Regeneration/Courage/Resist X are dropped by the name-agreement check.
defense_ward,specific,defense,"AV WardPower or archetype AccumulateMagnitude (ward) ; name fallback ""ward"". G(total).",V:8 / S:10 / L:39,no,health_deficit; health_falling; fire_damage_rate; frost_damage_rate; shock_damage_rate; magic_damage_rate; enemy_casting_fire; enemy_casting_frost; enemy_casting_shock; enemy_casting; target_caster; target_magicka_low; loadout_shield,
defense_spell_absorb,specific,defense,AV AbsorbChance. G(total).,V:6 / S:7 / L:19,partly,magic_damage_rate; enemy_casting_fire; enemy_casting_frost; enemy_casting_shock; enemy_casting; target_caster,
defense_reflect,specific,defense,AV ReflectDamage. G(total).,V:2 / S:225 / L:116,partly,,
defense_ethereal,specific,defense,archetype Etherealize. P x D(duration).,V:5 / S:14 / L:20,no,falling; drop_ahead,Become Ethereal also answers falling/drop_ahead.
defense_resist_ranged,specific,defense,Simonrim: AV AlterationSkillAdvance resolved by keyword MAG_MagicEnchResistArrowDamage. G(total).,V:0 / S:30 / L:0,yes,,Repurposed AV; Simonrim only.
defense_resist_power_attack,specific,defense,Simonrim: AV EnchantingSkillAdvance + keyword MAG_MagicEnchResistPowerAttackDamage. G(total).,V:0 / S:30 / L:0,yes,,Repurposed AV; Simonrim only.
defense_resist_stagger,specific,defense,Simonrim: AV SmithingSkillAdvance + keyword MAG_MagicEnchResistStagger. G(total).,V:0 / S:54 / L:0,yes,,Repurposed AV; Simonrim only.
fortify_skill_one_handed,specific,fortify_skill,"archetype in {ValueModifier, PeakValueModifier, DualValueModifier, ValueAndParts, AccumulateMagnitude}; canonical skill AV OneHanded (merge X, XMod, XPowerMod; never XSkillAdvance); detrimental=0. Script fallback: name ""fortify one-handed"" (+ Cost/Power/Duration). G(total) on mag (percent) x duration factor; constant for apparel.",V:99 / S:108 / L:188,no,loadout_one_handed,"LoreRim ""Fortify One-Handed Armor Penetration"" sits on OneHandedMod (hidden, 100 rows): counted here; consider fortify_combat_armor_penetration."
fortify_skill_two_handed,specific,fortify_skill,"archetype in {ValueModifier, PeakValueModifier, DualValueModifier, ValueAndParts, AccumulateMagnitude}; canonical skill AV TwoHanded (merge X, XMod, XPowerMod; never XSkillAdvance); detrimental=0. Script fallback: name ""fortify two-handed"" (+ Cost/Power/Duration). G(total) on mag (percent) x duration factor; constant for apparel.",V:86 / S:95 / L:150,no,loadout_two_handed,
fortify_skill_archery,specific,fortify_skill,"archetype in {ValueModifier, PeakValueModifier, DualValueModifier, ValueAndParts, AccumulateMagnitude}; canonical skill AV Marksman (merge X, XMod, XPowerMod; never XSkillAdvance); detrimental=0. Script fallback: name ""fortify archery"" (+ Cost/Power/Duration). G(total) on mag (percent) x duration factor; constant for apparel.",V:159 / S:171 / L:241,no,enemy_far; loadout_archery; mounted,
fortify_skill_block,specific,fortify_skill,"archetype in {ValueModifier, PeakValueModifier, DualValueModifier, ValueAndParts, AccumulateMagnitude}; canonical skill AV Block (merge X, XMod, XPowerMod; never XSkillAdvance); detrimental=0. Script fallback: name ""fortify block"" (+ Cost/Power/Duration). G(total) on mag (percent) x duration factor; constant for apparel.",V:74 / S:155 / L:120,no,physical_damage_rate; enemy_close; target_archer; loadout_shield,
fortify_skill_heavy_armor,specific,fortify_skill,"archetype in {ValueModifier, PeakValueModifier, DualValueModifier, ValueAndParts, AccumulateMagnitude}; canonical skill AV HeavyArmor (merge X, XMod, XPowerMod; never XSkillAdvance); detrimental=0. Script fallback: name ""fortify heavy-armor"" (+ Cost/Power/Duration). G(total) on mag (percent) x duration factor; constant for apparel.",V:59 / S:0 / L:8,partly,,Absent on Simonrim (perk overhaul removes the enchantment).
fortify_skill_light_armor,specific,fortify_skill,"archetype in {ValueModifier, PeakValueModifier, DualValueModifier, ValueAndParts, AccumulateMagnitude}; canonical skill AV LightArmor (merge X, XMod, XPowerMod; never XSkillAdvance); detrimental=0. Script fallback: name ""fortify light-armor"" (+ Cost/Power/Duration). G(total) on mag (percent) x duration factor; constant for apparel.",V:59 / S:13 / L:8,partly,,
fortify_skill_smithing,specific,fortify_skill,"archetype in {ValueModifier, PeakValueModifier, DualValueModifier, ValueAndParts, AccumulateMagnitude}; canonical skill AV Smithing (merge X, XMod, XPowerMod; never XSkillAdvance); detrimental=0. Script fallback: name ""fortify smithing"" (+ Cost/Power/Duration). G(total) on mag (percent) x duration factor; constant for apparel.",V:85 / S:0 / L:7,partly,workstation_smithing,Absent on Simonrim; 6 items on LoreRim.
fortify_skill_alchemy,specific,fortify_skill,"archetype in {ValueModifier, PeakValueModifier, DualValueModifier, ValueAndParts, AccumulateMagnitude}; canonical skill AV Alchemy (merge X, XMod, XPowerMod; never XSkillAdvance); detrimental=0. Script fallback: name ""fortify alchemy"" (+ Cost/Power/Duration). G(total) on mag (percent) x duration factor; constant for apparel.",V:147 / S:176 / L:195,partly,workstation_alchemy,"Simonrim ""Fortify Potion Duration"" (AlchemySkillAdvance, 170 rows) is counted here by its MagicEnchFortifyAlchemy keyword but belongs in meta_potion_duration: override table."
fortify_skill_enchanting,specific,fortify_skill,"archetype in {ValueModifier, PeakValueModifier, DualValueModifier, ValueAndParts, AccumulateMagnitude}; canonical skill AV Enchanting (merge X, XMod, XPowerMod; never XSkillAdvance); detrimental=0. Script fallback: name ""fortify enchanting"" (+ Cost/Power/Duration). G(total) on mag (percent) x duration factor; constant for apparel.",V:4 / S:0 / L:5,partly,workstation_enchanting,
fortify_skill_sneak,specific,fortify_skill,"archetype in {ValueModifier, PeakValueModifier, DualValueModifier, ValueAndParts, AccumulateMagnitude}; canonical skill AV Sneak (merge X, XMod, XPowerMod; never XSkillAdvance); detrimental=0. Script fallback: name ""fortify sneak"" (+ Cost/Power/Duration). G(total) on mag (percent) x duration factor; constant for apparel.",V:66 / S:65 / L:138,no,sneaking; sneak_detected,
fortify_skill_lockpicking,specific,fortify_skill,"archetype in {ValueModifier, PeakValueModifier, DualValueModifier, ValueAndParts, AccumulateMagnitude}; canonical skill AV Lockpicking (merge X, XMod, XPowerMod; never XSkillAdvance); detrimental=0. Script fallback: name ""fortify lockpicking"" (+ Cost/Power/Duration). G(total) on mag (percent) x duration factor; constant for apparel.",V:61 / S:98 / L:86,partly,lock_in_crosshair,"Simonrim ""Fortify Security"" (PickPocketSkillAdvance) = lockpicking + pickpocket: set both."
fortify_skill_pickpocket,specific,fortify_skill,"archetype in {ValueModifier, PeakValueModifier, DualValueModifier, ValueAndParts, AccumulateMagnitude}; canonical skill AV Pickpocket (PickPocket) (merge X, XMod, XPowerMod; never XSkillAdvance); detrimental=0. Script fallback: name ""fortify pickpocket"" (+ Cost/Power/Duration). G(total) on mag (percent) x duration factor; constant for apparel.",V:56 / S:0 / L:80,no,,Absent on Simonrim (merged into Fortify Security).
fortify_skill_speech,specific,fortify_skill,"archetype in {ValueModifier, PeakValueModifier, DualValueModifier, ValueAndParts, AccumulateMagnitude}; canonical skill AV Speechcraft (merge X, XMod, XPowerMod; never XSkillAdvance); detrimental=0. Script fallback: name ""fortify speech"" (+ Cost/Power/Duration). G(total) on mag (percent) x duration factor; constant for apparel.",V:35 / S:99 / L:77,no,merchant_in_crosshair,
fortify_skill_alteration,specific,fortify_skill,"archetype in {ValueModifier, PeakValueModifier, DualValueModifier, ValueAndParts, AccumulateMagnitude}; canonical skill AV Alteration (merge X, XMod, XPowerMod; never XSkillAdvance); detrimental=0. Script fallback: name ""fortify alteration"" (+ Cost/Power/Duration). G(total) on mag (percent) x duration factor; constant for apparel.",V:192 / S:242 / L:299,no,loadout_alteration,
fortify_skill_conjuration,specific,fortify_skill,"archetype in {ValueModifier, PeakValueModifier, DualValueModifier, ValueAndParts, AccumulateMagnitude}; canonical skill AV Conjuration (merge X, XMod, XPowerMod; never XSkillAdvance); detrimental=0. Script fallback: name ""fortify conjuration"" (+ Cost/Power/Duration). G(total) on mag (percent) x duration factor; constant for apparel.",V:203 / S:251 / L:333,no,loadout_conjuration,
fortify_skill_destruction,specific,fortify_skill,"archetype in {ValueModifier, PeakValueModifier, DualValueModifier, ValueAndParts, AccumulateMagnitude}; canonical skill AV Destruction (merge X, XMod, XPowerMod; never XSkillAdvance); detrimental=0. Script fallback: name ""fortify destruction"" (+ Cost/Power/Duration). G(total) on mag (percent) x duration factor; constant for apparel.",V:205 / S:254 / L:330,no,loadout_destruction,Simonrim splits into Cost/Power/Duration variants on the same AV: one column.
fortify_skill_illusion,specific,fortify_skill,"archetype in {ValueModifier, PeakValueModifier, DualValueModifier, ValueAndParts, AccumulateMagnitude}; canonical skill AV Illusion (merge X, XMod, XPowerMod; never XSkillAdvance); detrimental=0. Script fallback: name ""fortify illusion"" (+ Cost/Power/Duration). G(total) on mag (percent) x duration factor; constant for apparel.",V:187 / S:249 / L:301,partly,loadout_illusion,
fortify_skill_restoration,specific,fortify_skill,"archetype in {ValueModifier, PeakValueModifier, DualValueModifier, ValueAndParts, AccumulateMagnitude}; canonical skill AV Restoration (merge X, XMod, XPowerMod; never XSkillAdvance); detrimental=0. Script fallback: name ""fortify restoration"" (+ Cost/Power/Duration). G(total) on mag (percent) x duration factor; constant for apparel.",V:177 / S:241 / L:306,partly,loadout_restoration,
drain_skill,specific,drain_skill,"archetype in {ValueModifier, PeakValueModifier, DualValueModifier, ValueAndParts, AccumulateMagnitude}; canonical skill AV (any of the 18); detrimental=1. G(total). Skill kept only as a debug label.",V:1 / S:0 / L:8,no,,"Collapsed: 1-6 items per list, no need reads an enemy skill. Simonrim OneHandedSkillAdvance(det)=Burden and BlockSkillAdvance(det)=Damage Weapon are NOT drains (override/keyword)."
fortify_combat_attack_damage,specific,fortify_combat,"archetype in {ValueModifier, PeakValueModifier, DualValueModifier, ValueAndParts, AccumulateMagnitude}; AV AttackDamageMult; detrimental=0; name fallback ""fortify (melee|attack) damage"", ""increased damage"". G(total).",V:0 / S:0 / L:36,partly,,
fortify_combat_weapon_speed,specific,fortify_combat,"AV WeaponSpeedMult / LeftWeaponSpeedMult / BowSpeedBonus, or archetype EnhanceWeapon; detrimental=0. G(total).",V:5 / S:6 / L:56,no,,
fortify_combat_unarmed,specific,fortify_combat,AV UnarmedDamage; Simonrim AV Fame + keyword MAG_Magic(Ench|Alch)FortifyUnarmedDamage. G(total).,V:2 / S:38 / L:38,partly,,Repurposed Fame on Simonrim.
fortify_combat_power_attack,specific,fortify_combat,"Simonrim: TwoHandedSkillAdvance / OneHandedSkillAdvance(det=0) + keyword *FortifyPowerAttacks; LoreRim VoicePoints ""Fortify Power Attacks"" (name). G(total).",V:0 / S:157 / L:0,yes,,Repurposed AV.
fortify_combat_sneak_attack,specific,fortify_combat,Simonrim: SneakSkillAdvance + keyword *FortifySneakAttacks. G(total).,V:0 / S:83 / L:0,yes,sneaking,Repurposed AV; Simonrim only.
fortify_combat_bash,specific,fortify_combat,Simonrim: LockpickingSkillAdvance + keyword MAG_MagicEnchFortifyBash. G(total).,V:0 / S:76 / L:0,yes,,Repurposed AV; Simonrim only.
fortify_combat_armor_penetration,specific,fortify_combat,"Name ""armor penetration"" on Script effects (LoreRim 95 visible rows, ""Fortify Armor Penetration""). G(total) if a magnitude exists, else P.",V:0 / S:0 / L:95,yes,,"LoreRim; script-only (Script rows, magnitude often 0: use P until effectDescription gives a number). LoreRim also puts armour penetration on hidden XMod rows (counted under fortify_skill_*)."
fortify_combat_crit,specific,fortify_combat,AV CritChance; detrimental=0. G(total).,V:0 / S:0 / L:0,n/a,,"LoreRim ""Commanding Presence"" only (1 item in the LoreRim analysis); 0 kept here."
weaken_combat_attack_damage,specific,weaken_combat,"AV AttackDamageMult det=1; Simonrim BlockSkillAdvance(det) + name/keyword ""Damage Weapon"" (MAG_MagicAlchDamageWeapon). G(total).",V:0 / S:178 / L:7,partly,,"Simonrim weapon enchant ""Damage Weapon"" (BlockSkillAdvance, 167 rows) reaches this column by name in this pass; ship it as an override/keyword entry so it is not English-dependent."
weaken_combat_weapon_speed,specific,weaken_combat,AV WeaponSpeedMult / LeftWeaponSpeedMult det=1. G(total).,V:0 / S:0 / L:0,n/a,,"0 kept: Simonrim Burden writes here hidden, but its name names control_slow, so the name-agreement check drops it (captured as control_slow)."
control_paralysis,specific,control,"archetype Paralysis or AV Paralysis; LoreRim/Simonrim Rally/Fame carriers by name ""paraly""/keyword MagicParalysis. P x D(duration).",V:163 / S:308 / L:909,partly,health_falling; enemy_close; target_health_low; target_stamina_low; target_humanoid,Vanilla Ice Form / Deep Freeze paralysis is a hidden helper row: whitelisted.
control_stagger,specific,control,"archetype Stagger or Concussion; name fallback (unrelenting force, push, knockdown). P x G(magnitude).",V:62 / S:102 / L:1737,partly,,"Mostly hidden on LoreRim (1997 hidden Stagger rows; 1419 add the column to an item). Drop hidden ""Perk Impact Stagger"", ""Stagger Push/Area"" (perk-conditional helpers)."
control_slow,specific,control,"AV SpeedMult det=1; Script with keyword MagicSlow; Simonrim OneHandedSkillAdvance(det) + MAG_MagicEnchBurden (""Burden""); CarryWeight det=1. P x G(|mag|) x D.",V:343 / S:684 / L:1216,partly,,"The hidden Slow on frost damage is the canonical whitelist case (vanilla 341, Simonrim 498, LoreRim 1173 item-columns added)."
control_disarm,specific,control,"archetype Disarm; name ""disarm"". P.",V:4 / S:1 / L:24,partly,,
control_silence,specific,control,"Name/keyword ""silence"" (Nox_KW_Illusion_Silence; Simonrim Rally carrier). P x D.",V:0 / S:245 / L:38,yes,,No engine archetype: always name/keyword. Simonrim 245 items (mostly weapons).
control_sleep,specific,control,"Keyword Nox_KW_Illusion_Sleep / name ""sleep"". P x D.",V:0 / S:0 / L:22,yes,,LoreRim only.
control_blind,specific,control,"AV Blindness (LoreRim) or keyword Nox_KW_Illusion_Blind / name ""blind"". P x D.",V:0 / S:0 / L:18,yes,,LoreRim only.
control_grab,specific,control,"archetype GrabActor; name ""telekinetic grab|grip|grasp"". P.",V:2 / S:3 / L:13,partly,,
influence_fear,specific,influence,"archetype Demoralize; Confidence det; keyword MagicInfluenceFear / Nox_KW_Illusion_Nightmare/Death; LoreRim Fame carrier. Value P x G(magnitude = max target level), D(duration) for timed.",V:270 / S:288 / L:696,partly,health_falling; enemy_count; enemy_close; surrounded; target_humanoid; target_animal; sneak_detected,Weapon enchantments dominate counts (Chaos/Fear enchant).
influence_calm,specific,influence,"archetype Calm; keyword MagicInfluenceCharm/Calm. Value P x G(magnitude = max target level), D(duration) for timed.",V:22 / S:37 / L:71,partly,enemy_count; surrounded; target_humanoid; target_animal; sneak_detected,
influence_frenzy,specific,influence,"archetype Frenzy; keyword MagicInfluenceFrenzy. Value P x G(magnitude = max target level), D(duration) for timed.",V:20 / S:252 / L:77,partly,,
influence_rally,specific,influence,"archetype Rally not named silence/paralyze/command/calm/frenzy/fear; Confidence det=0. Value P x G(magnitude = max target level), D(duration) for timed.",V:15 / S:39 / L:69,partly,follower_present,Simonrim Rally archetype is a carrier for Silence/Paralyze/Command: name first.
influence_command,specific,influence,"archetype CommandSummoned; keyword Nox_KW_Illusion_Command; name command/enslave/mind control. Value P x G(magnitude = max target level), D(duration) for timed.",V:7 / S:23 / L:53,partly,,
influence_turn_undead,specific,influence,"archetype TurnUndead; name veto on Health carriers. Value P x G(magnitude = max target level), D(duration) for timed.",V:277 / S:286 / L:695,partly,target_undead,
influence_banish,specific,influence,"archetype Banish. Value P x G(magnitude = max target level), D(duration) for timed.",V:128 / S:138 / L:316,no,target_summoned,
summon_creature_fire,specific,summon,archetype SummonCreature with keyword MagicSummonFire (atronach). P x D(duration).,V:8 / S:11 / L:167,no,,Element axis on summons only matters against elemental threats/targets.
summon_creature_frost,specific,summon,archetype SummonCreature with keyword MagicSummonFrost (atronach). P x D(duration).,V:15 / S:17 / L:43,no,,Element axis on summons only matters against elemental threats/targets.
summon_creature_shock,specific,summon,archetype SummonCreature with keyword MagicSummonShock (atronach). P x D(duration).,V:9 / S:13 / L:173,no,,Element axis on summons only matters against elemental threats/targets.
summon_creature,specific,summon,archetype SummonCreature without an element keyword; Script with MagicSummon* keyword or name conjure/summon. P x D.,V:84 / S:194 / L:1265,partly,,"Counts include the elemental atronachs (not subtracted). LoreRim ""Disintegrate"" (75) is a SummonCreature archetype: unverified."
summon_reanimate,specific,summon,"archetype Reanimate; SummonCreature named ""reanimate"". P x G(magnitude = max level).",V:34 / S:41 / L:86,partly,,
summon_bound_weapon,specific,summon,"archetype BoundWeapon; name ""bound shield|arrows|bolts"". P x D.",V:6 / S:20 / L:55,partly,ammo_low; hands_empty,Answers hands_empty / ammo_low.
cure_disease,specific,cure,"archetype CureDisease; LoreRim archetype CureParalysis or Script named ""Cure Disease"" (name beats archetype on cures). P.",V:5 / S:6 / L:33,partly,diseased; drain_health; regen_suppressed; combat_ended_recent,"LoreRim plain Cure Disease potion is Script (delayed 1-4 days per brief, unverified here) vs Greater = CureDisease (instant): see cure_instant."
cure_poison,specific,cure,"archetype CurePoison; name ""cure poison"". P.",V:1 / S:2 / L:20,no,poisoned; drain_health; combat_ended_recent; target_arthropod,
cure_paralysis,specific,cure,"archetype CureParalysis when NOT named ""cure disease"". P.",V:0 / S:0 / L:0,no,,No genuine rows found on any list (LoreRim uses the archetype for disease cures).
cure_dispel,specific,cure,"archetype Dispel; name ""dispel"" except toggle helpers (""Dispel Cloak/Size/Jump"", ""X Dispel Effect""). P.",V:0 / S:21 / L:15,partly,drain_health; drain_magicka; drain_stamina,LoreRim counts still include some toggle helpers; verify with effectDescription.
cure_injury,specific,cure,"Name ""cure injur"" (Simonrim injury system). P.",V:0 / S:1 / L:0,yes,,"Simonrim only, 1 potion."
vision_light,specific,vision,archetype Light; name candlelight/magelight/lantern. P x G(area or radius).,V:9 / S:13 / L:68,no,darkness,
vision_night_eye,specific,vision,archetype NightEye; keyword MagicNightEye. P x D.,V:4 / S:8 / L:20,yes,darkness,
vision_detect_life,specific,vision,"archetype DetectLife or AV DetectLifeRange; name detect life/dead, aura whisper. P x G(area).",V:13 / S:11 / L:29,partly,,
vision_clairvoyance,specific,vision,archetype Guide. P.,V:1 / S:1 / L:4,no,,
stealth_invisibility,specific,stealth,archetype Invisibility (and Darkness) or AV Invisibility; keyword MagicInvisibility / Nox_KW_Illusion_ShadowStride. P x D.,V:23 / S:37 / L:122,partly,vampire_sun_exposure; enemy_count; target_archer; sneaking; sneak_detected,Hidden invisibility rows are excluded from the whitelist (perk/cloak variants).
stealth_muffle,specific,stealth,AV MovementNoiseMult; keyword Nox_KW_Illusion_Muffle/Noise/Sound. P x D.,V:25 / S:48 / L:84,partly,sneaking; sneak_detected,
stealth_disguise,specific,stealth,"archetype Disguise; LoreRim ""Shapeshift: <race>"" / ""<race> Polymorph"" by name. P x D.",V:0 / S:0 / L:~10 (in transform_werewolf),yes,,In this pass the LoreRim shapeshifts landed in transform_werewolf (name table order): move them.
movement_speed,specific,movement,AV SpeedMult det=0; name sprint/whirlwind/speed. G(total) on mag.,V:6 / S:94 / L:125,partly,,
movement_jump_fall,specific,movement,"AV JumpingBonus; name feather fall / slow fall / levitate / jump / ""no falling damage"". P x D.",V:1 / S:3 / L:23,partly,falling; drop_ahead,Answers falling / drop_ahead. Mostly script-only.
movement_water_walking,specific,movement,AV WaterWalking. P.,V:2 / S:29 / L:8,no,,
utility_carry_weight,specific,utility,AV CarryWeight det=0. G(total).,V:86 / S:111 / L:220,no,encumbrance,
utility_water_breathing,specific,utility,AV WaterBreathing. P x D.,V:26 / S:40 / L:38,no,underwater; swimming; deep_water_ahead,
utility_telekinesis,specific,utility,archetype Telekinesis. P.,V:2 / S:2 / L:4,no,,
utility_unlock,specific,utility,"archetype Open; name ""open lock|unlock"". P x G(magnitude = lock level).",V:0 / S:10 / L:9,yes,lock_in_crosshair,
utility_slow_time,specific,utility,archetype SlowTime. P x D.,V:6 / S:5 / L:15,no,,
utility_teleport,specific,utility,"Name/description teleport, portal, recall, mark, divine intervention. P.",V:0 / S:3 / L:14,yes,,Script-only everywhere.
utility_transmute,specific,utility,"Name/description ""transmut"". P.",V:1 / S:2 / L:19,yes,,Script-only.
utility_size,specific,utility,Name enlarge / shrink. P.,V:0 / S:0 / L:34,yes,,LoreRim only.
shout_recovery,specific,shout,"AV ShoutRecoveryMult; Simonrim SpeechcraftSkillAdvance / MarksmanSkillAdvance + keyword MagicEnchFortifyShouts / MagicAlchFortifyShouts (shout power, shout duration fold here). G(total).",V:5 / S:113 / L:17,partly,,Repurposed AVs on Simonrim (108 apparel).
soul_trap,specific,soul_trap,"archetype SoulTrap; Script with keyword containing SoulTrap or name ""soul trap"". P x D.",V:258 / S:389 / L:834,yes,,Vanilla/LoreRim soul trap is Script (name route 256/812 rows): portable via name only; prefer keyword MagicSoulTrap where present.
survival_hunger,specific,survival,"AV Mood (repurposed) + keyword CCSM_RestoreHunger{Tiny,Small,Medium,Large} / MAG_StarfrostHungerKeyword, else name ""Restore Hunger <size>"". Magnitude is 0: value = size from keyword or name: Very Small/Tiny 0.25, Small 0.5, Medium 0.75, Large 1.0.",V:175 / S:200 / L:379,yes,healing_blocked; hunger,"Mood = Hunger/Cold under Survival Mode. ""Vampire Restore Hunger"" also here."
survival_thirst,specific,survival,"Script ""Restore Thirst"" (hidden on LoreRim: whitelisted by name) + ""Hydrated"" buff; keyword/name thirst|hydrat. Value 0.5, or 1.0 when the item also has Hydrated.",V:0 / S:1 / L:102,yes,healing_blocked; thirst,"LoreRim 102 foods. Simonrim ""Sanguine Thirst"" (vampire ring) is a false hit: exclude by name."
survival_warmth,specific,survival,"AV Variable09 (Fortify Warmth) or AV Mood + keyword CCSM_RestoreCold (Restore Cold), keyword Survival_MagicAlchFortifyWarmth; name warmth/warming. G(total) on mag (Fortify Warmth), P for Restore Cold.",V:16 / S:29 / L:76,yes,cold; warmth_deficit,"Variable09 = Warmth convention (Survival Mode). Holds two mechanics (confirmed via LoreRim Discord, the user, 2026-10-09): Restore Cold (Update.esm 01002EE5, on warming soups; restores the cold meter: cold) and Fortify Warmth (01002EE6 / Variable09, on warming spells, the Torch and warming soups; raises the warmth rating: warmth_deficit). Warming soups carry both: on LoreRim its soups and stews; on vanilla and Simonrim only the 'Hot ...' dishes (ItemClassifier.cpp:631-632; docs/reference/classifier-coverage.md). One column, so both pairs stay until it is split (roadmap 'Needs and effects to add')."
survival_fatigue,specific,survival,"Name/keyword fatigue / rested (survival mods: Sunhelm/Last Seed ""Restore Fatigue""). P.",V:0 / S:0 / L:0,yes,fatigue,No rows on these three dumps: column kept because the fatigue need exists. Unverified.
survival_intoxication,specific,survival,"Name drunk/drugged/inebriation/skooma, keyword MAG_FoodItemDrugs. P. A side effect (sign learned).",V:2 / S:6 / L:5,yes,,
transform_werewolf,specific,transform,archetype Werewolf / WerewolfFeed; name beast form / werewolf. P.,V:4 / S:3 / L:19,partly,,
transform_vampire_lord,specific,transform,archetype VampireLord; name lich. P.,V:1 / S:1 / L:2,no,,
meta_xp_gain,specific,meta,"Name experience / XP, keyword MagicBlessing only when no other rule fires. P.",V:1 / S:19 / L:6,yes,,"Simonrim shrine blessings carry Fortify X effects too: those rows map to their mechanic, not here."
meta_potion_duration,specific,meta,"Simonrim AlchemySkillAdvance resolved by override (MGEF 0008B65C ""Fortify Potion Duration""). G(total).",V:0 / S:~170 (under fortify_skill_alchemy) / L:0,no,,Counted under fortify_skill_alchemy in this pass (keyword MagicEnchFortifyAlchemy is shared).
self_harm_health,specific,self_harm,"A row on a food or potion (the engine applies them to their user; a poison is never caught) that is detrimental or hostile and that the rules above would map to damage_health_* or drain_vital_health: a side effect, not the target-harm column. G(total), total = mag x max(dur,1), graded within its own population (a drain's lowered maximum counts as its magnitude for its duration).",V:0 / S:0 / L:12,no,,"LoreRim: Skooma's Damage Health, M'aiq's Broth's Weak Stomach, Remiel's potions' drawbacks, Self-Poison of Sacrifice, Poisoned Sliced Goat Cheese, Disheartening Beat."
self_harm_magicka,specific,self_harm,"A row on a food or potion (the engine applies them to their user; a poison is never caught) that is detrimental or hostile and that the rules above would map to damage_magicka or drain_vital_magicka: a side effect, not the target-harm column. G(total), total = mag x max(dur,1), graded within its own population (a drain's lowered maximum counts as its magnitude for its duration).",V:0 / S:0 / L:13,no,,"LoreRim: Skooma's Damage Maximum Magicka, Terrible Headache, Potion of Immolation, Remiel's drawbacks."
self_harm_stamina,specific,self_harm,"A row on a food or potion (the engine applies them to their user; a poison is never caught) that is detrimental or hostile and that the rules above would map to damage_stamina or drain_vital_stamina: a side effect, not the target-harm column. G(total), total = mag x max(dur,1), graded within its own population (a drain's lowered maximum counts as its magnitude for its duration).",V:0 / S:0 / L:85,no,,"LoreRim's raw food: Weak Stomach (DualValueModifier on Stamina/Magicka, detrimental, not hostile) on 80 foods, read as damage_stamina before 0.23.16; Skooma's Damage Maximum Stamina."
delivery_self,modifier,,effectDelivery of the primary kept effect (largest graded value) = Self. P.,V:3470 / S:6518 / L:6542,no,,
delivery_touch,modifier,,"primary effectDelivery = Touch (weapon enchantments, touch spells). P.",V:2894 / S:6197 / L:8977,no,,
delivery_aimed,modifier,,primary effectDelivery = Aimed or TargetActor. P.,V:530 / S:871 / L:3516,no,enemy_far,
delivery_target_location,modifier,,"primary effectDelivery = TargetLocation (runes, walls, AoE at a point). P.",V:86 / S:238 / L:1259,no,,
area,modifier,,"max area over kept effects: log1p(area ft)/log1p(1000), clipped 0-1; 0 when none.",V:189 / S:350 / L:1020,no,enemy_count; enemy_mid; surrounded,Answers enemy_count / surrounded.
hostile,modifier,,"any kept effect has the Hostile flag (0x1) or IsHostile: the item acts on others. P. Not a food's or potion's own rows that harm the user (detrimental or hostile, whatever column they keep: self_harm*, survival_intoxication's Drugged): that hostility is aimed at the drinker (0.23.16). A wrapper's payload still counts.",V:3218 / S:6860 / L:11741,no,,
aura,modifier,,item has a Cloak archetype effect (damage or buff aura around the caster). P.,V:28 / S:53 / L:368,no,combat_onset; enemy_close; surrounded,Cloak payload is another spell: extractor must follow MagicEffect associatedItem to classify it (not in the dump).
ground_area,modifier,,SpawnHazard archetype or keyword MagicRune / CircleSpell / WallSpell. P.,V:24 / S:116 / L:602,no,,Hazard payload not in dump: follow BGSHazard->spell.
timing_instant,modifier,,primary kept effect has duration 0 and the item is not constant. P.,V:1675 / S:2584 / L:8437,no,,
timing_over_time,modifier,,"primary kept effect duration > 0 on a fire-and-forget/concentration item (potion, spell, scroll, poison, food). P.",V:2938 / S:6753 / L:11176,no,boss_fight,Restores over time: LoreRim and Apothecary; vanilla instant.
timing_constant,modifier,,"casting type ConstantEffect: armour enchantments (duration 0 = constant), abilities. P.",V:2800 / S:5556 / L:4450,no,,
duration,modifier,,"max duration over kept effects, clipped: sentinel durations (>= 86400: 86400, 864000, 999999, 8553600, 8640000, 9999999, 86313600, 99999999, 249999998) -> 3600 and long_lasting=1; value log1p(min(dur,3600))/log1p(3600).",V:19 / S:12 / L:36 sentinel rows,no,,"28800 (Simonrim food, 138 rows) and 3600/7200/14400 are real durations, not sentinels."
long_lasting,modifier,,any kept effect had a duration sentinel (>= 86400 s). P.,V:19 / S:12 / L:36 rows,no,,
full_restore,modifier,,"any restore row with magnitude >= 9999 (9999, 10000, 99999, 1e5+, 1e6, 2e6). P; that row is graded at the column max.",V:4 / S:14 / L:27 rows,no,,"LoreRim also has 5000/7500/29997/30000: treat 5000-9998 as suspect, log only (unverified)."
concentration,modifier,,castingType = Concentration (2). P.,V:141 / S:188 / L:390,no,,
magicka_cost,modifier,,"spells only: percentile of magickaCost within the load order (dump column magickaCost = CalculateMagickaCost(nullptr), i.e. unperked); 0 for non-spells.",all spells,no,,
cure_instant,modifier,,"cure_* effect via a Cure* archetype (engine, instant) = 1; via Script = 0. Only set when a cure column is set.",V:6 arch / 0 script rows / S:10 arch / 22 script rows / L:44 arch / 24 script rows,no,,
consumable,modifier,,"kind in {Potion, Poison, Food, Scroll, Ammo, SoulGem}: using it spends it. P.",all consumables,no,,
gold_value,modifier,,percentile of value within kind (consumables only): what using it costs. Item value from the base form.,all consumables,no,,
kind_spell,item_feature,,"form kind: Spell, spellType Spell (0). P (one-hot).",V:471 / S:789 / L:2489,no,mounted,
kind_scroll,item_feature,,form kind: Scroll. P (one-hot).,V:101 / S:285 / L:1173,no,,
kind_staff,item_feature,,form kind: Weapon with weaponType Staff (8). P (one-hot).,V:87 / S:302 / L:2518,no,magicka_deficit,"Staves are 90-98% enchanted: their effect columns come from the enchantment, described as spells."
kind_potion,item_feature,,form kind: Potion. P (one-hot).,V:211 / S:238 / L:315,no,,
kind_poison,item_feature,,form kind: Poison (applied to a weapon). P (one-hot).,V:82 / S:97 / L:122,no,boss_fight; target_humanoid; loadout_one_handed,
kind_food,item_feature,,form kind: Food. P (one-hot).,V:177 / S:235 / L:397,no,downtime,
kind_weapon,item_feature,,form kind: Weapon except staff. P (one-hot).,V:3088 / S:6385 / L:10110,no,hands_empty,
kind_ammo,item_feature,,form kind: Ammo. P (one-hot).,V:37 / S:38 / L:169,no,enemy_far; target_dragon; ammo_low; loadout_archery; mounted; target_giant,
kind_armour,item_feature,,form kind: Armor. P (one-hot).,V:3317 / S:6094 / L:8577,no,,
kind_soulgem,item_feature,,form kind: SoulGem. P (one-hot).,V:19 / S:19 / L:39,no,,
kind_light,item_feature,,form kind: Light (torch). P (one-hot).,V:4 / S:4 / L:5,no,darkness,
school_alteration,item_feature,,magic item (spell/scroll/staff enchantment) whose primary MagicEffect associated skill (MGEF data.associatedSkill) = Alteration. P.,not in dump,no,,Needed for the fortify-school synergy and loadout_<school>; the dump lacks MGEF associatedSkill: add the column.
school_conjuration,item_feature,,magic item (spell/scroll/staff enchantment) whose primary MagicEffect associated skill (MGEF data.associatedSkill) = Conjuration. P.,not in dump,no,,Needed for the fortify-school synergy and loadout_<school>; the dump lacks MGEF associatedSkill: add the column.
school_destruction,item_feature,,magic item (spell/scroll/staff enchantment) whose primary MagicEffect associated skill (MGEF data.associatedSkill) = Destruction. P.,not in dump,no,,Needed for the fortify-school synergy and loadout_<school>; the dump lacks MGEF associatedSkill: add the column.
school_illusion,item_feature,,magic item (spell/scroll/staff enchantment) whose primary MagicEffect associated skill (MGEF data.associatedSkill) = Illusion. P.,not in dump,no,,Needed for the fortify-school synergy and loadout_<school>; the dump lacks MGEF associatedSkill: add the column.
school_restoration,item_feature,,magic item (spell/scroll/staff enchantment) whose primary MagicEffect associated skill (MGEF data.associatedSkill) = Restoration. P.,not in dump,no,,Needed for the fortify-school synergy and loadout_<school>; the dump lacks MGEF associatedSkill: add the column.
overshoot_health,item_feature,,"runtime cross-feature: clamp((restore_amount_health - deficit_health) / max_health, -1, 1) where restore_amount = total restored (mag x max(dur,1), or max_health on full_restore). Gaussian near 0 per needs curve ""Potion overshoot"".",items with restore_health,no,health_deficit,Replaces PotionDiscriminator POTION_TIER_STEP; restore_amount stored as an absolute (not graded) item value.
overshoot_magicka,item_feature,,"runtime cross-feature: clamp((restore_amount_magicka - deficit_magicka) / max_magicka, -1, 1) where restore_amount = total restored (mag x max(dur,1), or max_magicka on full_restore). Gaussian near 0 per needs curve ""Potion overshoot"".",items with restore_magicka,no,magicka_deficit,Replaces PotionDiscriminator POTION_TIER_STEP; restore_amount stored as an absolute (not graded) item value.
overshoot_stamina,item_feature,,"runtime cross-feature: clamp((restore_amount_stamina - deficit_stamina) / max_stamina, -1, 1) where restore_amount = total restored (mag x max(dur,1), or max_stamina on full_restore). Gaussian near 0 per needs curve ""Potion overshoot"".",items with restore_stamina,no,stamina_deficit,Replaces PotionDiscriminator POTION_TIER_STEP; restore_amount stored as an absolute (not graded) item value.
school_fortified,item_feature,,runtime cross-feature: item school (school_*) has an active Fortify <school> on the player. P.,"spells, scrolls, staves",no,,Replaces CorrelationBooster fortifySchoolBonus (x3).
ammo_matches_launcher,item_feature,,"runtime cross-feature: ammo_arrow and a bow equipped, or ammo_bolt and a crossbow equipped. P.",ammo,no,loadout_archery,Replaces the bow -> arrows x3 correlation.
soulgem_charge,item_feature,,"soul gem: contained soul size / 5 (petty 1 .. grand 5, black = 5); 0 if empty. Runtime: ExtraSoul on the stack, not the base form.",V:19 gems (7 pre-filled) / S:19 gems (7 pre-filled) / L:39 gems (16 pre-filled),no,weapon_charge_deficit; loadout_staff; combat_ended_recent,"Reusable gems: base-form soul vs ExtraSoul, NOT NAM0 (memory: soul-gem-reusable-detection)."
soulgem_capacity,item_feature,,soul gem: capacity / 5. Value of an empty gem for soul trapping.,V:19 / S:19 / L:39,no,,
light_radius,item_feature,,Light (torch): log1p(radius)/log1p(1024).,V:4 / S:4 / L:5,no,,
stack_count,item_feature,,"runtime: log1p(carried count)/log1p(20). ""Last potion"" hoarding is learnable.",all carried,no,,Perceivable by the player (inventory count).
weapon_type_sword,weapon_stat,,weaponType = sword. P (one-hot).,V:460 / S:901 / L:2942,no,,LoreRim spear/quarterstaff/katana/whip/claw/wand keywords ride on these 9 animation types; keep the engine type.
weapon_type_dagger,weapon_stat,,weaponType = dagger. P (one-hot).,V:381 / S:793 / L:1009,no,sneaking,
weapon_type_war_axe,weapon_stat,,weaponType = war_axe. P (one-hot).,V:397 / S:781 / L:601,no,,
weapon_type_mace,weapon_stat,,weaponType = mace. P (one-hot).,V:371 / S:783 / L:1052,no,,
weapon_type_greatsword,weapon_stat,,weaponType = greatsword. P (one-hot).,V:379 / S:788 / L:1263,no,,
weapon_type_battleaxe,weapon_stat,,weaponType 6 without keyword WeapTypeWarhammer. P (one-hot).,V:376 / S:757 / L:1227,no,,
weapon_type_warhammer,weapon_stat,,weaponType 6 with keyword WeapTypeWarhammer. P (one-hot).,V:371 / S:782 / L:1413,no,,
weapon_type_bow,weapon_stat,,weaponType = bow. P (one-hot).,V:317 / S:652 / L:517,no,sneaking,
weapon_type_crossbow,weapon_stat,,weaponType = crossbow. P (one-hot).,V:36 / S:148 / L:86,no,,
weapon_melee,weapon_stat,,derived: weapon type not bow/crossbow/staff. P.,derived,no,enemy_close; target_caster; target_archer; target_magicka_low; ammo_low,
weapon_ranged,weapon_stat,,derived: bow or crossbow. P.,derived,no,enemy_far; target_health_low; target_dragon; target_animal; mounted; target_giant,
weapon_two_handed,weapon_stat,,"greatsword, battleaxe/warhammer, bow, crossbow (dump twoHanded). P.",V:1479 / S:3127 / L:4506,no,target_stamina_low,
weapon_damage,weapon_stat,,percentile of GetAttackDamage() within weapon type in this load order (LoreRim medians are ~5x vanilla).,all weapons,no,in_combat,Base damage only; tempering and perks are not in base data.
weapon_speed,weapon_stat,,"speed / median speed of its type, clipped 0.5-2.",V:0.5-2 / S:0.5-2 / L:0.37-2,no,,
weapon_reach,weapon_stat,,reach / median reach of its type.,V:0.7-1.5 / S:0.7-1.5 / L:0.49-1.4,no,,
weapon_crit,weapon_stat,,percentile of critDamage within type.,all weapons,no,,
weapon_enchanted,weapon_stat,,has formEnchanting (or a player enchantment on the stack). P; its effects fill the effect columns.,V:2951 / S:6459 / L:11423,no,weapon_charge_deficit,Generated enchanted variants dominate weapon counts.
weapon_charge,weapon_stat,,runtime: current charge / max charge for enchanted weapons and staves.,enchanted weapons,no,,Pairs with weapon_charge_deficit.
weapon_silver,weapon_stat,,keyword WeapMaterialSilver (or DBWR_Silver*); LoreRim also uses it widely. P.,V:3 / S:3 / L:159,no,target_undead; target_daedra; target_werebeast,Pairs with target_undead / target_daedra (replaces silverUndeadBonus x3). Vanilla+Simonrim: 3 forms only.
weapon_pickaxe,weapon_stat,,"keyword VendorItemTool and (name ""pickaxe"" or keyword OCF_CanMineOre / WeapTypePickaxe). P.",V:4 / S:4 / L:7,no,ore_vein_in_crosshair,Name rule is English-only; OCF keyword is portable where present.
ammo_arrow,weapon_stat,,"Ammo without the bolt flag. Engine: TESAmmo data flag NonBolt; dump fallback keyword OCF_AmmoTypeArrow or name without ""bolt"". P.",V:24 / S:25 / L:111,no,,Dump lacks the NonBolt flag: add it.
ammo_bolt,weapon_stat,,"Ammo that is a bolt (flag NonBolt clear; keyword OCF_AmmoTypeBolt; name ""bolt""). P.",V:13 / S:13 / L:58,no,,
ammo_damage,weapon_stat,,percentile of ammo damage within arrows or bolts.,all ammo,no,,
armour_slot_head,armour_stat,,armorSlots bitmask has Head 0x1 | Hair 0x2 | LongHair 0x800 | Circlet 0x1000 (priority body > shield > head > hands > feet > amulet > ring). P.,V:759 / S:1445 / L:1938,no,,"LoreRim has 438 pieces on mod slots only (cloaks, backpacks): no slot column."
armour_slot_body,armour_stat,,armorSlots bitmask has Body 0x4 (priority body > shield > head > hands > feet > amulet > ring). P.,V:910 / S:1711 / L:2607,no,,
armour_slot_hands,armour_stat,,armorSlots bitmask has Hands 0x8 | Forearms 0x10 (priority body > shield > head > hands > feet > amulet > ring). P.,V:496 / S:1000 / L:1223,no,,
armour_slot_feet,armour_stat,,armorSlots bitmask has Feet 0x80 | Calves 0x100 (priority body > shield > head > hands > feet > amulet > ring). P.,V:486 / S:724 / L:1224,no,,
armour_slot_shield,armour_stat,,armorSlots bitmask has Shield 0x200 (priority body > shield > head > hands > feet > amulet > ring). P.,V:305 / S:790 / L:582,no,physical_damage_rate; enemy_close; target_archer,
armour_slot_amulet,armour_stat,,armorSlots bitmask has Amulet 0x20 (priority body > shield > head > hands > feet > amulet > ring). P.,V:184 / S:222 / L:281,no,,
armour_slot_ring,armour_stat,,armorSlots bitmask has Ring 0x40 (priority body > shield > head > hands > feet > amulet > ring). P.,V:177 / S:202 / L:284,no,,
armour_weight_heavy,armour_stat,,armorType = Heavy (IsHeavyArmor / IsLightArmor / neither). P.,V:1370 / S:2916 / L:2909,no,,
armour_weight_light,armour_stat,,armorType = Light (IsHeavyArmor / IsLightArmor / neither). P.,V:1139 / S:2290 / L:2700,no,,
armour_weight_clothing,armour_stat,,armorType = None (IsHeavyArmor / IsLightArmor / neither). P.,V:808 / S:888 / L:2968,no,,
armour_rating,armour_stat,,percentile of armorRating within slot x weight class in this load order.,all armour,no,,
armour_enchanted,armour_stat,,has formEnchanting. P; enchantment effects fill the effect columns as constant.,V:2812 / S:5583 / L:4493,no,downtime,
armour_warm,armour_stat,,keyword Survival_ArmorWarm or MAG_SurvivalArmorWarm. P.,V:961 / S:3146 / L:2606,no,warmth_deficit,"Survival Mode / Simonrim convention; Frostfall-style warmth values are not in base data. Not cold (0.23.17; confirmed via LoreRim Discord, the user, 2026-10-09): warm apparel raises the warmth rating; warming soups restore the cold meter (and raise the warmth rating too, through Fortify Warmth): on LoreRim its soups and stews, on vanilla and Simonrim only the 'Hot ...' dishes."
armour_cold,armour_stat,,keyword Survival_ArmorCold or MAG_SurvivalArmorCold. P (negative warmth).,V:30 / S:619 / L:750,no,,
