id,group,what_it_measures,input,curve,source,status,replaces,obvious_effects,notes,priority,curve_kind,curve_p1,curve_p2,r3_input
health_deficit,Vitals,How much of the player's health is missing,"1 - health/maxHealth, 0-1","Logistic, c~0.5 (or a 30/50/70% basis of three logistics weighted by theta, so the player's own heal point is learned): irrelevant until about half, then urgent; quadratic rises too early (doc 9)","PlayerActorState.h:32; rule ContextRuleEngine.cpp:117-126 (pow(deficit, exp))",exists,"healingWeight rule; fWeightCriticalHealth + fWeightLowHealth (loaded, never read; removed in R0); fHealthSmoothingExponent",Restore Health; Regenerate Health; Fortify Health; Armor spell / Ward,"Raw value, not enveloped (VitalEnvelope.h). The 10% override stays a hard rule (OverrideConfig.h:17).",P1,logistic,0.5,10,1 - health
magicka_deficit,Vitals,How much of the player's magicka is missing,"1 - magicka/maxMagicka, 0-1, held low through regeneration by VitalEnvelope","Logistic, c~0.5; same basis option as health",PlayerActorState.h:33; rule ContextRuleEngine.cpp:132-139; envelope UtilityScorer.h:188,exists,magickaRestoreWeight rule; fWeightLowMagicka (dead key; removed in R0); fMagickaSmoothingExponent; CorrelationBooster staffLowMagickaBonus (CorrelationBooster.cpp:218),Restore Magicka; Regenerate Magicka; Fortify Magicka; staff / weapon (attack that costs no magicka),Envelope stays: it fixed 15 of 40 swap-backs (VitalEnvelope.h).,P1,logistic,0.5,10,1 - magickaHeld
stamina_deficit,Vitals,How much of the player's stamina is missing,"1 - stamina/maxStamina, 0-1, enveloped","Logistic, c~0.5",PlayerActorState.h:34; rule ContextRuleEngine.cpp:147-154; envelope UtilityScorer.h:189,exists,staminaRestoreWeight rule; fWeightLowStamina (dead key; removed in R0); fStaminaSmoothingExponent,Restore Stamina; Regenerate Stamina; Fortify Stamina,,P1,logistic,0.5,10,1 - staminaHeld
health_falling,Vitals,How fast health is going down right now (net of healing),"(damageRate - healingRate) / maxHealth, per second, 0-~0.2","Logistic on the rate, c~3% of max per second: a slow bleed is noise, a fast drop is the signal","StateTypes.h:339 damageRate, :364 healingRate; computed StateManager_HealthTracking.cpp:283",partial,-- (no rule reads it; roadmap 'Fight shape: a summon when pressed'),Restore Health; Armor spell / Ward; Summon (distraction); Paralyze / Fear,Anticipates health_deficit; lets 'pressed and losing' lift a summon without a hand rule.,P2,logistic,0.03,150,(damageRate - healingRate) / maxHealth; 0 if maxHealth <= 0
magicka_burn,Vitals,Magicka being spent faster than it regenerates,"(usage.rate - regen.rate) / maxMagicka, per second",Logistic on the rate,MagickaTrackingState StateTypes.h:277-300; StateManager_MagickaTracking.cpp:82,partial,--,Regenerate Magicka; Fortify Magicka; Fortify <school> (cost); Restore Magicka,Low value until a mage soak shows it; the user's next test is a mage character.,P3,logistic,0.05,100,(magickaUsageRate - magickaRegenRate) / maxMagicka; 0 if maxMagicka <= 0
stamina_burn,Vitals,"Stamina being spent faster than it regenerates (power attacks, sprint, block)","(usage.rate - regen.rate) / maxStamina, per second",Logistic on the rate,StaminaTrackingState StateTypes.h:203-225; StateManager_StaminaTracking.cpp:75,partial,--,Regenerate Stamina; Fortify Stamina; Restore Stamina,,P3,logistic,0.05,100,(staminaUsageRate - staminaRegenRate) / maxStamina; 0 if maxStamina <= 0
restore_pending_health,Vitals,A restore-over-time already running that will cover the health deficit,"remaining magnitude of active Restore Health effects / health deficit, 0-1+; 0 when under 1 point is missing (nothing to cover)",Logistic near 1 (covered): pairs with a NEGATIVE starting theta on Restore Health,NEW: sum magnitude x remaining duration in the active-effect walk (StateManager_MagicEffects.cpp:84),new,-- (roadmap 'No second restore while one is still working'),Restore Health (negative); Regenerate Health (negative),"Only over-time lists (LoreRim, Requiem); reads 0 on instant lists, so changes nothing there. Visible on Active Effects.",P2,logistic,1,10,"0 if restoreHealthPending <= 0 or (1 - health) * maxHealth < 1; else min(restoreHealthPending / ((1 - health) * maxHealth), 10)"
restore_pending_magicka,Vitals,"Same, for magicka","remaining Restore Magicka magnitude / magicka deficit; 0 when under 1 point is missing",Logistic near 1,NEW: same walk,new,--,Restore Magicka (negative); Regenerate Magicka (negative),As above.,P3,logistic,1,10,"0 if restoreMagickaPending <= 0 or (1 - magicka) * maxMagicka < 1; else min(restoreMagickaPending / ((1 - magicka) * maxMagicka), 10)"
restore_pending_stamina,Vitals,"Same, for stamina","remaining Restore Stamina magnitude / stamina deficit; 0 when under 1 point is missing",Logistic near 1,NEW: same walk,new,--,Restore Stamina (negative); Regenerate Stamina (negative),As above.,P3,logistic,1,10,"0 if restoreStaminaPending <= 0 or (1 - stamina) * maxStamina < 1; else min(restoreStaminaPending / ((1 - stamina) * maxStamina), 10)"
fire_damage_rate,Elemental threat,"Health lost to fire recently, decaying","sum of fire HP lost, exponential decay tau~3 s, / maxHealth","Logistic on the rate: 'burning hard now', not a flag; one pulse lands low","Binary today: active-effect flag StateManager_MagicEffects.cpp:493 + 5 s hit window PipelineCoordinator.cpp:292. Data for the rate exists: DamageEvent(amount,type) pushed at StateManager_HealthTracking.cpp:140, binned by type at :248-262 but only timeSinceLastFire kept (:275-277)",exists but binary,fWeightOnFire; resistFireWeight rule ContextRuleEngine.cpp:185-197 incl. resistScale (:180),Resist Fire; Ward; Restore Health; fire-resist apparel,"HP lost is measured after resistance, so resistScale retires. Roadmap 'Resist potions weighted by damage taken' (Resist Frost never outranked Undead on single pulses).",P1,logistic,0.15,30,dmgFire / maxHealth; 0 if maxHealth <= 0
frost_damage_rate,Elemental threat,"Health lost to frost recently, decaying","sum of frost HP lost, exponential decay tau~3 s, / maxHealth","Logistic on the rate: 'burning hard now', not a flag; one pulse lands low","Binary today: active-effect flag StateManager_MagicEffects.cpp:495 + 5 s hit window PipelineCoordinator.cpp:302. Data for the rate exists: DamageEvent(amount,type) pushed at StateManager_HealthTracking.cpp:140, binned by type at :248-262 but only timeSinceLastFrost kept (:275-277)",exists but binary,fWeightFrozen; resistFrostWeight rule ContextRuleEngine.cpp:185-197 incl. resistScale (:180),Resist Frost; Ward; Restore Health; Restore Stamina (frost drains stamina),"HP lost is measured after resistance, so resistScale retires. Roadmap 'Resist potions weighted by damage taken' (Resist Frost never outranked Undead on single pulses).",P1,logistic,0.15,30,dmgFrost / maxHealth; 0 if maxHealth <= 0
shock_damage_rate,Elemental threat,"Health lost to shock recently, decaying","sum of shock HP lost, exponential decay tau~3 s, / maxHealth","Logistic on the rate: 'burning hard now', not a flag; one pulse lands low","Binary today: active-effect flag StateManager_MagicEffects.cpp:497 + 5 s hit window PipelineCoordinator.cpp:312. Data for the rate exists: DamageEvent(amount,type) pushed at StateManager_HealthTracking.cpp:140, binned by type at :248-262 but only timeSinceLastShock kept (:275-277)",exists but binary,fWeightShocked; resistShockWeight rule ContextRuleEngine.cpp:185-197 incl. resistScale (:180),Resist Shock; Ward; Restore Health; Restore Magicka (shock drains magicka),"HP lost is measured after resistance, so resistScale retires. Roadmap 'Resist potions weighted by damage taken' (Resist Frost never outranked Undead on single pulses).",P1,logistic,0.15,30,dmgShock / maxHealth; 0 if maxHealth <= 0
magic_damage_rate,Elemental threat,Health lost to untyped magic (not fire/frost/shock/poison),"magic-typed HP lost, decaying, / maxHealth",Logistic on the rate,magicDamagePercent / takingMagicDamage StateTypes.h:337-338; DamageType::Magic DamageEventSink.cpp:226,partial,"Resist Magic's share of wardWeight (ContextWeightForCandidate.cpp, ItemTag::ResistMagic)",Resist Magic; Ward; Spell Absorption; Restore Health,,P2,logistic,0.15,30,dmgMagic / maxHealth; 0 if maxHealth <= 0
physical_damage_rate,Elemental threat,"Health lost to weapons and arrows, decaying","Physical-typed HP lost, decaying, / maxHealth",Logistic on the rate,"Health-delta events default to Physical (StateManager_HealthTracking.cpp:84, :140); the hit sink only queues non-physical (DamageEventSink.cpp:91)",partial,"CorrelationBooster meleeDefensiveBonus / twoHandedDefensiveBonus (CorrelationBooster.cpp:118-130), in part",Armor spell (Oakflesh/Stoneflesh); Fortify Block; Shield; Restore Health,"Gives armour spells a situation instead of a learned habit (Oakflesh crowding, soak).",P2,logistic,0.15,30,dmgPhysical / maxHealth; 0 if maxHealth <= 0
enemy_casting_fire,Elemental threat,A hostile is visibly casting a fire spell,"any living hostile in view whose cast spell's effect resists with Resist Fire, 0/1, decays ~2 s",Step with a short decay (a visible fact),NEW: isCasting is read (StateManager_Targets.cpp:388) but not WHICH spell; read the actor's current cast (MagicCaster current spell) and its effect element,new,-- (roadmap: 'an enemy visibly casting it'),Resist Fire; Ward; Spell Absorption,"Perception: only the spell being cast now (its glow is on screen), never the enemy's spell list.",P2,decay,0.5,0,castFireAgo
enemy_casting_frost,Elemental threat,A hostile is visibly casting a frost spell,"any living hostile in view whose cast spell's effect resists with Resist Frost, 0/1, decays ~2 s",Step with a short decay (a visible fact),NEW: isCasting is read (StateManager_Targets.cpp:388) but not WHICH spell; read the actor's current cast (MagicCaster current spell) and its effect element,new,-- (roadmap: 'an enemy visibly casting it'),Resist Frost; Ward; Spell Absorption,"Perception: only the spell being cast now (its glow is on screen), never the enemy's spell list.",P2,decay,0.5,0,castFrostAgo
enemy_casting_shock,Elemental threat,A hostile is visibly casting a shock spell,"any living hostile in view whose cast spell's effect resists with Resist Shock, 0/1, decays ~2 s",Step with a short decay (a visible fact),NEW: isCasting is read (StateManager_Targets.cpp:388) but not WHICH spell; read the actor's current cast (MagicCaster current spell) and its effect element,new,-- (roadmap: 'an enemy visibly casting it'),Resist Shock; Ward; Spell Absorption,"Perception: only the spell being cast now (its glow is on screen), never the enemy's spell list.",P2,decay,0.5,0,castShockAgo
poisoned,Status,A poison effect is on the player,"detrimental effect of spell type kPoison or resisted by Poison Resist, 0/1 (optionally x remaining magnitude)","Step (a fact; the soak's poison was never detected, not under-weighted)",isPoisoned StateManager_MagicEffects.cpp:191-193 (fixed 0.22.15); poison hits timeSinceLastPoison StateManager_HealthTracking.cpp:278,exists,fWeightPoisoned; resistPoisonWeight rule ContextRuleEngine.cpp:200-202; Cure Poison mapping ContextWeightForCandidate.cpp,Cure Poison; Resist Poison; Restore Health; Regenerate Health,"In-game recheck pending (roadmap 'Cures reach the page'). Resist Poison kept (0.23.16 review, unlike Resist Disease for diseased): a poison lasts seconds and is on the player mostly while its source is still hitting (a spider, poisoned arrows), and resistance scales each new application -- it cannot shorten the poison already running (Cure Poison does), it answers the next hit.",P1,step,0.5,0,poisoned
diseased,Status,A disease is on the player,"active spell of type kDisease, not a chosen affliction, 0/1 (or count of diseases)",Step,isDiseased StateManager_MagicEffects.cpp:187-189,exists,fWeightDiseased; resistDiseaseWeight rule ContextRuleEngine.cpp:205-207; Cure Disease mapping,Cure Disease,"Excludes vampirism / Peryite's Gift (IsChosenAffliction). LoreRim: Cure Greater Disease is instant, plain Cure Disease is not. Resist Disease is NOT an answer (removed 0.23.16): it lowers the chance of catching a disease and does nothing for one already caught. The frozen resistDiseaseWeight rule still pairs them: it put Roasted Leek and Cooked Potato on the page as 'Diseased' in the LoreRim R3 session. Disease exposure (a disease-carrying hostile) has no need yet: roadmap 'Needs and effects to add'.",P1,step,0.5,0,diseased
drain_health,Status,A short damage-over-time effect on health is running,"detrimental value-modifier on the AV with 0 < duration < MAX_DRAIN_DURATION, or a disease/poison, 0/1",Step,hasHealthDrain StateManager_MagicEffects.cpp:447,exists,"-- (read, drives nothing)",Cure Poison / Cure Disease; Regenerate Health; Restore Health; Dispel,Excludes enchantments and long survival penalties.,P3,step,0.5,0,drainHealth
drain_magicka,Status,A short damage-over-time effect on magicka is running,"detrimental value-modifier on the AV with 0 < duration < MAX_DRAIN_DURATION, or a disease/poison, 0/1",Step,hasMagickaPoison StateManager_MagicEffects.cpp:449,exists,"-- (read, drives nothing)",Restore Magicka; Regenerate Magicka; Dispel,Excludes enchantments and long survival penalties.,P3,step,0.5,0,drainMagicka
drain_stamina,Status,A short damage-over-time effect on stamina is running,"detrimental value-modifier on the AV with 0 < duration < MAX_DRAIN_DURATION, or a disease/poison, 0/1",Step,hasStaminaPoison StateManager_MagicEffects.cpp:451,exists,"-- (read, drives nothing)",Restore Stamina; Regenerate Stamina; Dispel,Excludes enchantments and long survival penalties.,P3,step,0.5,0,drainStamina
regen_suppressed,Status,Something is suppressing the player's natural regeneration,"any Damage Health/Magicka/Stamina Regen debuff active, 0/1",Step,hasHealthRegenDebuff etc. StateManager_MagicEffects.cpp:226-258; PlayerActorState.h:214-218,exists,--,Cure Disease; Regenerate <vital>; Restore <vital>,Often a disease symptom; complements diseased.,P3,step,0.5,0,regenSuppressed
healing_blocked,Status,LoreRim's survival-need effect that zeroes incoming healing is up,"the identified magic effect present on the player, 0/1",Step,"NEW: dump the player's active effects in that state to find the effect, then match it in the MagicEffects walk",new,-- (roadmap 'LoreRim's healing block'),Restore Health (negative); Food (Satisfy Hunger); Drink (Satisfy Thirst),"LoreRim only; on Active Effects, so fair to read.",P2,step,0.5,0,0 (deferred: the LoreRim effect is not identified yet)
encumbrance,Status,How close the player is to the carry limit,"inventoryWeight / carryWeight, 0-1.2",Logistic near 1 (c~0.95): only matters at the cap,Read at StateManager_Position.cpp:128-130; only the bool isOverencumbered is kept (PlayerActorState.h:480),exists but binary,-- (no weight today; roadmap 'Carry weight when encumbered'),Fortify Carry Weight,The ratio is already computed; keep it instead of the bool.,P1,logistic,0.95,40,encumbrance
vampire_sun_exposure,Status,A sun-vulnerable vampire outdoors in daylight,"vampireStage >= 3 AND exterior AND daytime, 0/1",Step,vampireStage StateManager_MagicEffects.cpp:555; IsSunVulnerable PlayerActorState.h:552; isInterior / timeOfDay StateManager_World.cpp:168-174,partial,--,Restore Health; Regenerate Health; Invisibility / shade (if any); Resist Fire (learned only),Vanilla. Rare; starting value likely permanent.,P3,step,0.5,0,1 if vampireStage >= 3 and openDaylight else 0
hunger,Survival,How hungry the player is,survival hunger meter 0-1000 / 1000 (or SMI stage 0-5 / 5 until the raw value is plumbed),Linear or quadratic ramp; replaces two steps that dropped to 0 at Peckish,SMI stage StateManager_Survival.cpp:168 (m_smiHungerStage); CC raw 0-1000 :214 (fallback only); tiered by HungerTier ContextRuleEngine.h:224-230,exists but binary,fWeightHungry; hungerWeight / alcoholHungerWeight rule ContextRuleEngine.cpp:257-261,Food (Satisfy Hunger); food buffs (Regenerate Stamina etc.),Only when CC Survival or SMI is active (survivalModeActive). Roadmap: ramp on 0-1000; keep food up until Fed once eating.,P1,quadratic,0,1,"0 if not survival; else hungerRaw / 1000 if hungerRaw >= 0; else clamp(hungerStage, 0, 5) / 5"
thirst,Survival,How thirsty the player is,"thirst meter of the detected system, normalised 0-1","Linear or quadratic ramp, shaped like hunger",NEW: detect DVSMP (LoreRim) / SunHelm / Last Seed at load and log which; read that system's thirst global,new,"-- (roadmap 'Thirst, only when detected')",Drink (Satisfy Thirst / Hydrated); waterskin; soup,Off unless a thirst system is found. Scripted waterskins need a second confirm signal (effect appears on the player).,P2,quadratic,0,1,0 (deferred: no thirst system is detected yet)
cold,Survival,How cold the player is,survival cold meter 0-1000 / 1000 (or SMI stage / 5),Linear or quadratic ramp,SMI stage StateManager_Survival.cpp:176; CC raw :196; ColdTier ContextRuleEngine.h:232-238,exists but binary,fWeightCold; coldWeight rule ContextRuleEngine.cpp:262,Warm food with a Restore Cold effect: on LoreRim its soups and stews; on vanilla and Simonrim only the 'Hot ...' soups and stews,"Only with survival active. A running warming effect stays a redundancy filter on the spell, not a need (ContextRuleEngine.h:218-223). Two mechanics, confirmed via LoreRim Discord (the user, 2026-10-09): the cold meter is restored by warming soups (warm food), and by campfires, which are not items (not an answer); warming spells (Warming Aura) and warm apparel raise the warmth rating instead (warmth_deficit), so they are not answers here. Warming soups do both: their Restore Cold (Update.esm 01002EE5) restores the cold meter (cold), their Fortify Warmth (01002EE6, Variable09) raises the warmth rating (warmth_deficit). Which soups warm depends on the load order: on LoreRim its soups and stews; on vanilla and Simonrim only the 'Hot ...' ones (ItemClassifier.cpp:631-632; docs/reference/classifier-coverage.md, Food on simonrim). LoreRim Elsweyr Fondue and the vanilla and Simonrim Hot Crab Stew carry both; on Simonrim the Fortify Warmth effect is named MAG_FoodFortifyWarmthEffect (tests/core/fixtures/effects_*.csv). Resist Frost is not an answer either (removed 0.23.17): it lowers frost damage only. Effect columns: Restore Cold (AV Mood; LoreRim keyword CCSM_RestoreCold) and Fortify Warmth both map to survival_warmth, which also holds warming spells and the Torch, so the pair cold x survival_warmth also reaches warming spells until that column is split (roadmap 'Needs and effects to add').",P1,quadratic,0,1,"0 if not survival; else coldRaw / 1000 if coldRaw >= 0; else clamp(coldStage, 0, 5) / 5"
fatigue,Survival,How exhausted the player is,survival exhaustion meter 0-1000 / 1000 (or SMI stage / 5),Linear or quadratic ramp,fatigueLevel StateManager_Survival.cpp:183 (SMI) / :231 (CC); PlayerActorState.h:457; unused GetFatigueContextWeight,partial,--,Restore fatigue (tea / coffee / rest items); Fortify Stamina; Restore Stamina,"Survival only. Roadmap: 'same shape for cold and fatigue'. Vanilla naming mismatch to check (roadmap, vanilla-build pass).",P2,quadratic,0,1,"0 if not survival; else fatigueRaw / 1000 if fatigueRaw >= 0; else clamp(fatigueStage, 0, 5) / 5"
warmth_deficit,Survival,The player's gear gives too little warmth for survival,"1 - warmthRating / WarmthThreshold::HIGH, 0-1",Linear,warmthRating from native GetWarmthRating StateManager_Survival.cpp:287; unused GetWarmthContextWeight PlayerActorState.h,partial,--,"Warm apparel; warming spells (Warming Aura, Fortify Warmth); warm food (Fortify Warmth)","Survival only. Proactive companion to cold; low value until gear recommendations exist. Warmth rating, not the cold meter: two mechanics, confirmed via LoreRim Discord (the user, 2026-10-09). Warm apparel, warming spells (Warming Aura) and warm food raise the rating. Warming soups do both: their Restore Cold (Update.esm 01002EE5) restores the cold meter (cold), their Fortify Warmth (01002EE6, Variable09) raises the warmth rating (warmth_deficit). Which soups warm depends on the load order: on LoreRim its soups and stews; on vanilla and Simonrim only the 'Hot ...' ones (ItemClassifier.cpp:631-632; docs/reference/classifier-coverage.md, Food on simonrim). LoreRim Elsweyr Fondue and the vanilla and Simonrim Hot Crab Stew carry both; on Simonrim the Fortify Warmth effect is named MAG_FoodFortifyWarmthEffect (tests/core/fixtures/effects_*.csv). Resist Frost is not an answer: it lowers frost damage only (0.23.17).",P3,linear,0,1,"0 if not survival; else clamp(1 - warmth / 200, 0, 1)"
in_combat,Enemy,The player is in combat,"IsInCombat, debounced, 0/1",Step,StateManager_Position.cpp:142 (BoolDebouncer),exists,"fWeightInCombat (damageWeight, ContextRuleEngine.cpp:337-339); fWeightBuffCombat (:385-387); fWeightSummon's trigger (:369-371)",Damage spells / weapons; Fortify combat skill; Armor spell; Summon,"Combat shown to the player (music, HUD).",P1,step,0.5,0,inCombat
combat_onset,Enemy,The first seconds of a fight,seconds since in_combat went true,"Exponential decay or Gaussian, peak 0-10 s, gone by ~30 s",Derived from the in_combat transition (StateManager_Position.cpp:142); timer NEW,partial,"fWeightBuffCombat's intent ('pop before/during fights', configs/Huginn.ini:534)",Fortify potions; Armor spell; Summon; Cloak,Separates 'buff up now' from 'mid-fight'.,P2,gaussian,0,10,combatStartAgo if inCombat else NEVER
enemy_count,Enemy,How many hostiles are in the fight,living hostiles / N (N~6),Logit / saturating: diminishing returns,"cachedEnemyCount TargetActorState.h:240, GetEnemyCount :495; rule ContextRuleEngine.cpp:352-355 (>=3)",exists but binary,fWeightMultipleEnemies (aoeWeight),Area damage; mass Calm / Fear; Summon; Invisibility (escape),"PERCEPTION RISK: the scan reads ProcessLists to 2048 units with no line-of-sight test (StateManager_Targets.cpp:315-326), so out of combat it counts hostiles behind walls. Gate on in_combat or LOS.",P1,saturating,5,0,enemyCount / 6
enemy_close,Enemy,The closest living hostile is at close range,"distance to closest living hostile, 0-4096 units (none = far)","Logistic falling with distance, c~300 units: 'pressed in melee'",GetClosestEnemy TargetActorState.h:442; learner distanceNorm StateFeatures.h:93-99; buckets ClosestEnemyDistanceBucket TargetActorState.h:317 (256 / 768),partial,"CorrelationBooster's distance-switched bonuses (doc 9 diagnosis 6), in part",Melee weapon; Shield / Fortify Block; Cloak; Paralyze / Fear; Summon (distraction),"Roadmap 'a summon when pressed'. Three soft bands from one reading, because one linear need cannot say 'mid'. Same LOS caveat as enemy_count.",P2,logistic,300,-0.02,4096 if closestEnemy < 0 else closestEnemy
enemy_mid,Enemy,The closest living hostile is at mid range,"distance to closest living hostile, 0-4096 units (none = far)",Gaussian centred ~600 units: room to cast and summon,GetClosestEnemy TargetActorState.h:442; learner distanceNorm StateFeatures.h:93-99; buckets ClosestEnemyDistanceBucket TargetActorState.h:317 (256 / 768),partial,"CorrelationBooster's distance-switched bonuses (doc 9 diagnosis 6), in part",Summon; Destruction spells; Area damage,"Doc 9: 'Summons need room; fixes summon in melee'. Three soft bands from one reading, because one linear need cannot say 'mid'. Same LOS caveat as enemy_count.",P2,gaussian,600,200,4096 if closestEnemy < 0 else closestEnemy
enemy_far,Enemy,The closest living hostile is at far range,"distance to closest living hostile, 0-4096 units (none = 0: no hostile is not far; hostiles are tracked to 2048 units and released past 2176, so the reading falls to 0 at the edge of tracking rather than staying far)","Logistic rising, c~1000 units",GetClosestEnemy TargetActorState.h:442; learner distanceNorm StateFeatures.h:93-99; buckets ClosestEnemyDistanceBucket TargetActorState.h:317 (256 / 768),partial,"CorrelationBooster's distance-switched bonuses (doc 9 diagnosis 6), in part",Bow / crossbow; Ammo; Fortify Marksman; ranged spells," Three soft bands from one reading, because one linear need cannot say 'mid'. Same LOS caveat as enemy_count.",P2,logistic,1000,0.01,0 if closestEnemy < 0 else closestEnemy
surrounded,Enemy,Several hostiles are in melee reach at once,hostiles within 256 units / 3,Logit / saturating,CountEnemiesInMeleeRange TargetActorState.h:474 (unused),partial,--,Cloak; Area damage; mass Fear / Calm; Armor spell,,P3,saturating,5,0,enemiesNear256 / 3
enemy_casting,Enemy,A hostile is visibly casting (any spell),"any living hostile casting, debounced, 0/1 (or fraction casting)",Step,isCasting StateManager_Targets.cpp:388; cachedAnyCasting debounced :739,exists,"fWeightEnemyCasting (wardWeight, ContextRuleEngine.cpp:344-346)",Ward; Resist Magic; Spell Absorption,Perception: allowed (a visible cast).,P1,step,0.5,0,anyCasting
target_caster,Enemy,The target holds a spell in hand,"primary / closest hostile has a spell equipped, 0/1",Step,"isMage StateManager_Targets.cpp:394-401, :489-496 (unused)",partial,--,Ward; Resist Magic; Spell Absorption; close distance (melee),Equipped spell is visible (hand glow); allowed by the perception line.,P3,step,0.5,0,targetCaster
target_archer,Enemy,The target holds a bow or crossbow,"primary / closest hostile's equipped weapon type is ranged, 0/1",Step,NEW: read the target's equipped weapon type (GetEquippedObject) in PollTargets,new,--,Shield / Fortify Block; Armor spell; Invisibility; close distance (melee),Equipped weapons are on the perception line's allowed list.,P3,step,0.5,0,targetArcher
target_health_low,Enemy,The target's health bar is nearly empty,1 - target health fraction (primary hostile),"Logistic, c~0.75 (bar under a quarter)",target vitals polled StateManager_Targets.cpp (ActorVitals TargetActorState.h:54); helpers IsTargetHealthLow :117 (unused),partial,--,Cheap / fast damage (finish it); Bow (fleeing target); Paralyze,HUD-visible (vanilla enemy health bar).,P3,logistic,0.75,12,0 if targetHealth < 0 else 1 - targetHealth
boss_fight,Enemy,"One tough hostile, a long fight, a bar falling slowly","estimated time-to-kill = target health fraction / bar fall rate, seconds, with exactly one hostile","Logistic on TTK, c~30 s",NEW: track the primary hostile's health slope over the fight (bar is polled; slope and fight timer are new),new,-- (roadmap 'Damage over time on a boss': Powder of Burning),Damage over time (poison / burning powder); weapon poison; Fortify buffs; Summon,Uses only the visible bar and visible count; never level or hidden health numbers.,P2,logistic,30,0.2,soleHostileTtk if enemyCount == 1 and soleHostileTtk >= 0 else 0
target_magicka_low,Enemy,The target's magicka bar is low,1 - target magicka fraction,Logistic,target vitals include magicka (ActorVitals); IsTargetMagickaLow TargetActorState.h:121 (unused); HUD-mod detection NEW,partial,--,Ward (negative); Absorb / Damage Magicka; close distance,ONLY when TrueHUD (or another HUD mod) draws enemy magicka; vanilla shows health only. Otherwise forbidden.,P3,logistic,0.7,10,0 (deferred: needs proof a HUD mod draws enemy magicka; perception line)
target_stamina_low,Enemy,The target's stamina bar is low,1 - target stamina fraction,Logistic,target vitals include stamina; IsTargetStaminaLow TargetActorState.h:125 (unused); HUD-mod detection NEW,partial,--,Power-attack weapons (2H); Damage Stamina poison; Paralyze,ONLY with a HUD mod drawing enemy stamina. Weak pairing; may never earn a nonzero theta.,P3,logistic,0.7,10,0 (deferred: needs proof a HUD mod draws enemy stamina; perception line)
target_humanoid,Target type,"Target is humanoid (32 combat races, 39044 NPC records on LoreRim)","Multi-hot fact over the union of living combat hostiles (no line-of-sight logic, decided 2026-10-08): race keywords first (ActorType*, mod keywords), then a manual editorID table; held for the fight","Step (a fact, not a degree)",StateEvaluator.cpp:138 (game keywords first); ScoringTargetType TargetActorState.h:306; learner one-hot StateFeatures.h:103-122,partial,"-- (read, drives nothing)",control_paralysis; influence_fear; influence_calm; kind_poison,"Rule: race ActorTypeNPC (primary unless a stronger family holds); goblinoids by keyword DLC2RieklingKeyword or name Falmer/Riekling/Goblin/Grummite/Minotaur/Hagraven/Lamia. Mods: Skyrim (base game) (13); VIGILANT SE (4); Skyrim Extended Cut - Saints and Seducers (2); Dragonborn (DLC) (2); Minotaurs SE (2); Journey to Baan Malur and Morro. Overlay on dremora, saints/seducers, vampires, Xivkyn (they fire humanoid AND their primary). Goblinoids fold in here (open question). Today goblinoids read Beast via ActorTypeCreature.",P2,step,0.5,0,families bit 0
target_undead,Target type,"Target is undead (123 combat races, 14394 NPC records on LoreRim)","Multi-hot fact over the union of living combat hostiles (no line-of-sight logic, decided 2026-10-08): race keywords first (ActorType*, mod keywords), then a manual editorID table; held for the fight","Step (a fact, not a degree)",StateEvaluator.cpp:138 (game keywords first); ScoringTargetType TargetActorState.h:306; learner one-hot StateFeatures.h:103-122,partial,fWeightTargetUndead; antiUndeadWeight rule ContextRuleEngine.cpp:415-431,damage_health_sun; influence_turn_undead; weapon_silver,Rule: race ActorTypeUndead | ActorTypeGhost | Vampire | ActorTypeLich; else NPC-record ActorTypeUndead/Ghost on >50% of records (per actor at runtime). Mods: VIGILANT SE (48); Skyrim (base game) (20); Dawnguard (DLC) (8); Gravewind (inferred from GRVE prefix) (7); Dragonborn (DLC) (5); Skyrim Extended Cut - Saints an. Largest non-person family (Vigilant alone adds ~45 races). Fires as overlay on skeletal dragons and on Xivkyn/Leviathan/Voidcrawler (daedra primary). Vampire subgroup = undead+humanoid.,P1,step,0.5,0,families bit 1
target_daedra,Target type,"Target is daedra (69 combat races, 694 NPC records on LoreRim)","Multi-hot fact over the union of living combat hostiles (no line-of-sight logic, decided 2026-10-08): race keywords first (ActorType*, mod keywords), then a manual editorID table; held for the fight","Step (a fact, not a degree)",StateEvaluator.cpp:138 (game keywords first); ScoringTargetType TargetActorState.h:306; learner one-hot StateFeatures.h:103-122,partial,fWeightTargetDaedra; antiDaedraWeight rule ContextRuleEngine.cpp:415-431,weapon_silver,Rule: race ActorTypeDaedra. Mods: VIGILANT SE (28); Skyrim Extended Cut - Saints and Seducers (6); Journey to Baan Malur and Morrowind (5); Triumvirate - Mage Archetypes (5); Skyrim (base game) . Banish only affects SUMMONED daedra: it pairs with target_summoned instead (decided 2026-10-07). Atronachs carry an element facet.,P1,step,0.5,0,families bit 2
target_dragon,Target type,"Target is dragon (5 combat races, 104 NPC records on LoreRim)","Multi-hot fact over the union of living combat hostiles (no line-of-sight logic, decided 2026-10-08): race keywords first (ActorType*, mod keywords), then a manual editorID table; held for the fight","Step (a fact, not a degree)",StateEvaluator.cpp:138 (game keywords first); ScoringTargetType TargetActorState.h:306; learner one-hot StateFeatures.h:103-122,partial,fWeightTargetDragon; antiDragonWeight rule ContextRuleEngine.cpp:415-431,resist_fire; resist_frost; kind_ammo; weapon_ranged,"Rule: race ActorTypeDragon. Mods: Skyrim (base game) (3); Dawnguard (DLC) (1); Granite Hill (1). Skeletal dragons also fire target_undead (today they read Dragon only, so no Sun/Turn Undead). Breath element is per NPC, not per race: leave it to enemy_casting_fire/frost.",P1,step,0.5,0,families bit 3
target_construct,Target type,"Target is construct (16 combat races, 129 NPC records on LoreRim)","Multi-hot fact over the union of living combat hostiles (no line-of-sight logic, decided 2026-10-08): race keywords first (ActorType*, mod keywords), then a manual editorID table; held for the fight","Step (a fact, not a degree)",StateEvaluator.cpp:138 (game keywords first); ScoringTargetType TargetActorState.h:306; learner one-hot StateFeatures.h:103-122,partial,"-- (read, drives nothing)",(none),"Rule: race ActorTypeDwarven; manual list for Lucien Dwemer automatons (Creature/Animal-tagged), Vigilant Iron Spiders (Undead-tagged), HLIO inactive sphere. Mods: Lucien - Immersive Fully Voiced Male Follower (4); Skyrim (base game) (3); VIGILANT SE (3); Remiel - Custom Voiced Follower (2); Dragonborn (DLC) (1); The Tools. NO obvious effect column. Shock damage and blunt weapons are folk knowledge, poison/paralysis immunity is a hidden number: leave to theta. Candidates: damage_health_shock, weapon_type_mace/warhammer (learned, start 0).",P3,step,0.5,0,families bit 4
target_animal,Target type,"Target is animal (64 combat races, 336 NPC records on LoreRim)","Multi-hot fact over the union of living combat hostiles (no line-of-sight logic, decided 2026-10-08): race keywords first (ActorType*, mod keywords), then a manual editorID table; held for the fight","Step (a fact, not a degree)",StateEvaluator.cpp:138 (game keywords first); ScoringTargetType TargetActorState.h:306; learner one-hot StateFeatures.h:103-122,partial,"-- (read, drives nothing)",influence_calm; influence_fear; weapon_ranged,"Rule: race ActorTypeAnimal; else Requiem skeleton tag reqRaceIs<animal>Race or name (guar/kagouti/alit/nix-hound) on Creature-only races. Mods: Skyrim (base game) (14); Journey to Baan Malur and Morrowind (11); VIGILANT SE (6); Triumvirate - Mage Archetypes (5); Dragonborn (DLC) (3); Dawnguard (DLC) (3). Fauna (deer, chickens, foxes...) and pets/mounts excluded from the combat count but still map here. FoxRace npcCount (2447) is a leveled-template placeholder, not foxes.",P3,step,0.5,0,families bit 5
target_arthropod,Target type,"Target is arthropod (23 combat races, 136 NPC records on LoreRim)","Multi-hot fact over the union of living combat hostiles (no line-of-sight logic, decided 2026-10-08): race keywords first (ActorType*, mod keywords), then a manual editorID table; held for the fight","Step (a fact, not a degree)",StateEvaluator.cpp:138 (game keywords first); ScoringTargetType TargetActorState.h:306; learner one-hot StateFeatures.h:103-122,new,--,resist_poison; cure_poison,"Rule: name: Spider|Chaurus|Scorpion|Shalk|Beetle|Kwama|Arachn|Elytra|AshHopper|Scrib in race editorID (all carry ActorTypeAnimal; no mod adds an insect keyword). Mods: Skyrim (base game) (5); VIGILANT SE (3); Dragonborn (DLC) (2); Dawnguard (DLC) (2); Journey to Baan Malur and Morrowind (2); Skyrim Extended Cut - Saints and Se. NEW. Venom is visible (spit, green hits). Name-based: the only reason it is not keyword-first. Overlay on Vigilant Arachne (undead) and Spider Daedra.",P2,step,0.5,0,families bit 6
target_troll,Target type,"Target is troll (9 combat races, 35 NPC records on LoreRim)","Multi-hot fact over the union of living combat hostiles (no line-of-sight logic, decided 2026-10-08): race keywords first (ActorType*, mod keywords), then a manual editorID table; held for the fight","Step (a fact, not a degree)",StateEvaluator.cpp:138 (game keywords first); ScoringTargetType TargetActorState.h:306; learner one-hot StateFeatures.h:103-122,new,--,damage_health_fire,"Rule: race ActorTypeTroll. Mods: Skyrim (base game) (2); Dawnguard (DLC) (2); LoreRim merge ""Morrowind Creatures"" (source mods unresolved) (2); Udefrykte Replacer - Mihail (1); Sea Giants - Mih. NEW. Fire vs troll regeneration is taught by vanilla loading screens, so it is a fact the player has. Overlay on Vigilant Ogrim (daedra primary). Today trolls read Beast.",P2,step,0.5,0,families bit 7
target_giant,Target type,"Target is giant (9 combat races, 29 NPC records on LoreRim)","Multi-hot fact over the union of living combat hostiles (no line-of-sight logic, decided 2026-10-08): race keywords first (ActorType*, mod keywords), then a manual editorID table; held for the fight","Step (a fact, not a degree)",StateEvaluator.cpp:138 (game keywords first); ScoringTargetType TargetActorState.h:306; learner one-hot StateFeatures.h:103-122,new,--,weapon_ranged; kind_ammo,"Rule: race ActorTypeGiant; else NPC-record ActorTypeGiant on >50% of records (vanilla GiantRace carries it only on NPCs); else reqRaceIsGiantRace. Mods: Giants Overhaul - Mihail (inferred) (3); Skyrim (base game) (2); Sea Giants - Mihail Monsters and Animals (2); unresolved (SurWR.esp) (1); DementedLulu's INIGO . NEW. Weak obvious pairing (keep away, shoot). Overlay on 8 Vigilant giant races that are undead/daedra primary. Today giants read Beast (one Inigo giant reads Humanoid).",P3,step,0.5,0,families bit 8
target_werebeast,Target type,"Target is werebeast (5 combat races, 32 NPC records on LoreRim)","Multi-hot fact over the union of living combat hostiles (no line-of-sight logic, decided 2026-10-08): race keywords first (ActorType*, mod keywords), then a manual editorID table; held for the fight","Step (a fact, not a degree)",StateEvaluator.cpp:138 (game keywords first); ScoringTargetType TargetActorState.h:306; learner one-hot StateFeatures.h:103-122,new,--,weapon_silver,"Rule: race HRI_Lycan_Keyword_IsWerecreature | DLC2WerebearKeyword; name Were(wolf|bear|Vampire) (Lucien Dwemer werewolf excluded -> construct). Mods: VIGILANT SE (2); Skyrim (base game) (1); Undead Werewolves - Mihail (1); Dragonborn (DLC) (1). NEW. Silver vs werewolves is vanilla lore (UNVERIFIED on Requiem/LoreRim). Wicked Werewolves is installed, so night encounters are more common than the 32 NPC records suggest. Runtime race changes: see code notes (cache).",P2,step,0.5,0,families bit 9
target_monster,Target type,"Target is monster (45 combat races, 152 NPC records on LoreRim)","Multi-hot fact over the union of living combat hostiles (no line-of-sight logic, decided 2026-10-08): race keywords first (ActorType*, mod keywords), then a manual editorID table; held for the fight","Step (a fact, not a degree)",StateEvaluator.cpp:138 (game keywords first); ScoringTargetType TargetActorState.h:306; learner one-hot StateFeatures.h:103-122,new,--,(none),"Rule: catch-all: race ActorTypeCreature (or REQ_Spriggan) with no keyword or name above; manual for Lucien imps (ActorTypeNPC), ice wraiths, magic anomaly. Mods: VIGILANT SE (8); Skyrim (base game) (7); Lucien - Immersive Fully Voiced Male Follower (5); Journey to Baan Malur and Morrowind (5); Dawnguard (DLC) (4); Requie. Catch-all so heterogeneous creatures stop polluting target_animal. Subgroups: spriggan (REQ_Spriggan), gargoyle (NPC ActorTypeVampireBrute), eldritch (zzzCHActorTypeShoggoth), elemental, wisp. Learn-only.",P3,step,0.5,0,families bit 10
target_spectral,Target type,"Target also is spectral (19 combat races, 91 NPC records on LoreRim)","Multi-hot fact over the union of living combat hostiles (no line-of-sight logic, decided 2026-10-08): race keywords first (ActorType*, mod keywords), then a manual editorID table; held for the fight","Step (a fact, not a degree)",NEW (facet table from races/target_types.csv),new,--,(none),"Rule: race or NPC-record ActorTypeGhost, or NPC-record ActorTypeSpirit (Requiem spirits) on >50%; name Ghost/Wraith/Wisp/Shade/Spectr on undead races. Mods: Skyrim (base game) (4); Requiem - Magic Redone (3); Creation Club: Necromantic Grimoire (3); Dragonborn (DLC) (2); Gravewind (inferred from GRVE prefix) (2); Wr. Second level under undead (also rides on Requiem spirit summons). Translucency is visible. Per actor at runtime: 266 ghost NPC records sit on playable races (Nord etc.).",P3,step,0.5,0,families bit 11
target_element_fire,Target type,"Target also is element fire (11 combat races, 33 NPC records on LoreRim)","Multi-hot fact over the union of living combat hostiles (no line-of-sight logic, decided 2026-10-08): race keywords first (ActorType*, mod keywords), then a manual editorID table; held for the fight","Step (a fact, not a degree)",NEW (facet table from races/target_types.csv),new,--,resist_fire,"Rule: elemental beings only (Daedra with Atronach/Flame/Storm/Prism/Imp names, REQ_ActorTypeDaedraNoFlesh, Atronach/Wraith/Wyrm/Imp names) whose editorID says Flame|Fire|Ember|Incinerat. Mods: VIGILANT SE (5); Lucien - Immersive Fully Voiced Male Follower (2); Skyrim (base game) (1); Dragonborn (DLC) (1); Journey to Baan Malur and Morrowind (1); Requi. The being is visibly made of fire; its own attacks are fire. Opposite-element damage (frost) is learned, start 0.",P3,step,0.5,0,families bit 12
target_element_frost,Target type,"Target also is element frost (5 combat races, 38 NPC records on LoreRim)","Multi-hot fact over the union of living combat hostiles (no line-of-sight logic, decided 2026-10-08): race keywords first (ActorType*, mod keywords), then a manual editorID table; held for the fight","Step (a fact, not a degree)",NEW (facet table from races/target_types.csv),new,--,resist_frost,"Rule: as above with Frost|Ice|Snowray|Goron. Mods: Skyrim (base game) (2); Betalille's Hammerfell Quests Bundle - The Gray Cowl of Nocturnal (1); Dragonborn (DLC) (1); Sea Giants - Mihail Monsters and Animals (1. Frost atronach, ice wraiths, Goron. Frost trolls / frost giants / frostbite spiders deliberately excluded (not elementals).",P3,step,0.5,0,families bit 13
target_element_shock,Target type,"Target also is element shock (7 combat races, 36 NPC records on LoreRim)","Multi-hot fact over the union of living combat hostiles (no line-of-sight logic, decided 2026-10-08): race keywords first (ActorType*, mod keywords), then a manual editorID table; held for the fight","Step (a fact, not a degree)",NEW (facet table from races/target_types.csv),new,--,resist_shock,"Rule: as above with Storm|Shock|Thunder|Lightning. Mods: VIGILANT SE (2); Lucien - Immersive Fully Voiced Male Follower (2); Skyrim (base game) (1); Requiem (1); Requiem - Magic Redone (1). Storm atronach, Vigilant Prism Storm, Requiem Thunder, Lucien shock imps, Requiem Storm Wyrm.",P3,step,0.5,0,families bit 14
target_summoned,Target type,Target is a summoned or conjured creature (Banish only works on these),Target actor is commanded/summoned (visible: summon shader and the casting that preceded it),Step,NEW,new,banish arm of ContextWeightForCandidate (today paired with all daedra),influence_banish,"Decided 2026-10-07: Banish pairs with this, not with daedra. Perception: a summon is visibly conjured.",P2,step,0.5,0,hostileSummoned
ally_injured,Ally,How hurt the most injured follower is,1 - health fraction of GetMostInjuredFollower(),"Logistic, c~0.5","HasInjuredFollower TargetActorState.h:431 (binary, IsHealthLow); GetMostInjuredFollower :406; rule ContextRuleEngine.cpp:362-364",exists but binary,fWeightAllyInjured (allyHealWeight); ContextReasonSignals.allyInjured (PipelineCoordinator.cpp:386),Heal Other (Healing Hands / Touch); Healing Aura; heal-other scrolls,"PERCEPTION CHECK: vanilla draws no follower health bar; the continuous value is fair with TrueHUD's ally bars (on LoreRim). Without one, step at visible bleedout/stagger only.",P1,logistic,0.5,10,followerBleedout (the continuous 1 - health needs a HUD mod's ally bars: deferred)
follower_present,Ally,A living follower is near enough to target,"any follower in ally range, 0/1 (or count)",Step,followerPresent ContextRuleEngine.cpp:361; GetNearbyFollowers TargetActorState.h:382,exists,the TargetsOthers hard gate (ContextWeightForCandidate.cpp:25-34),"Spells for others (Oakflesh on Target, Courage / Rally); Heal Other","Self vs target spells must be told apart on the effect side (delivery), per the field notes. Keep the zero-follower case as a hard filter.",P1,step,0.5,0,followerPresent
darkness,Environment,How dark it is where the player stands,"1 - lightLevel (game light on the player, 0-1); forced 0 in open daylight","Logistic with a soft edge, c = 1 - fDarkLightLevel (~0.65): tree shadow lands low on the curve",lightLevel StateManager_World.cpp:185-197; isDark hysteresis DarknessGate :222; gate DarknessApplies ContextRuleEngine.h:206-211,exists but binary,fWeightDarkness; fDarkLightLevel (becomes the curve centre); darknessWeight rule ContextRuleEngine.cpp:247-249,Night Eye; Light spell (Candlelight / Magelight); Torch,"Already-lit (Night Eye, light spell, torch) stays a gate, not a need.",P1,logistic,0.65,15,0 if openDaylight else 1 - light
underwater,Environment,"Head under water, rising with time submerged","seconds submerged / ~breath time (0-1), 0 when not under",Logistic on time submerged,isUnderwater StateManager_Position.cpp:78 (binary); submerged timer NEW,exists but binary,fWeightUnderwater; waterbreathingWeight rule ContextRuleEngine.cpp:237-239,Waterbreathing; Restore Health,Drowning override stays a rule. Fired twice in 9 h: its theta start is effectively permanent (doc 9).,P1,logistic,0.5,10,submergedFor / 20 if underwater else 0
swimming,Environment,Swimming at the surface,"isSwimming, 0/1",Step,"StateManager_Position.cpp:46 (read, unused)",partial,--,Waterbreathing (pre-dive); Fortify Stamina,Weak; mostly gives underwater an early warning.,P3,step,0.5,0,swimming
falling,Environment,Falling a dangerous distance,"fallDepth below take-off point, units (200-600 ramp)",Linear ramp today (FALL_DEPTH_MIN 200 -> HIGH 600); logistic would also do,FallTracker StateManager_Position.cpp:92-96; rule ContextRuleEngine.cpp:282-292,exists,fWeightFallingHigh (slowFallWeight),Slow Fall (Feather Fall); Become Ethereal; Restore Health,Already continuous.,P1,linear,200,600,fallDepth
drop_ahead,Environment,A big drop in front of the player (cliff edge),"height from the ground a short way ahead down to the next surface, units","Logistic, c~600 units (lethal-ish fall)","NEW: Havok raycast (bhkWorld::PickObject + bhkPickData) straight down from 2-3 points ahead of the player (~1, 2.5, 4 m along movement, else facing), from waist height, length ~4000; drop = feet Z - hit Z, max over the points; no hit = very big drop; measured to the water surface if water is above the hit. Filter: terrain + statics, not actors. Works in interiors. Not the terrain heightmap (TES::GetLandHeight): it sees through rock meshes and bridges (decided 2026-10-08)",new,-- (doc 9 emergent tier: Feather Fall before the jump),Slow Fall; Become Ethereal,The player can see the cliff: inside the Core Principle.,P3,logistic,600,0.01,0 if dropAhead < 0 else dropAhead
lock_in_crosshair,Environment,A lock is in the crosshair,"crosshair ref is locked, 0/1 (optionally x lock level 0-4; 'Requires Key' = 0)",Step (or linear in the visible lock level),DetectLockTarget StateManager_World.cpp:52-73,exists,fWeightLookingAtLock (unlockWeight rule ContextRuleEngine.cpp:267-269),Unlock spell / scroll; Fortify Lockpicking,"Lock level is shown in the activate prompt, so fair.",P1,step,0.5,0,lock
workstation_smithing,Environment,A smithing bench is in the crosshair,"crosshair furniture bench type -> craft skill, 0/1",Step,DetectWorkstationTarget StateManager_World.cpp:121-137; CraftSkillForWorkstation ContextRuleEngine.cpp:17-35,exists,fWeightAtForge (fortifySmithingWeight rule ContextRuleEngine.cpp:298-313),"Fortify Smithing (potion, apparel)","Ingredients are out of scope (doc 9, 2026-10-07). Open: combat suppressing it (roadmap 'Workstation flicker').",P1,step,0.5,0,1 if workstation == 1 else 0
workstation_enchanting,Environment,A enchanting bench is in the crosshair,"crosshair furniture bench type -> craft skill, 0/1",Step,DetectWorkstationTarget StateManager_World.cpp:121-137; CraftSkillForWorkstation ContextRuleEngine.cpp:17-35,exists,fWeightAtEnchanter (fortifyEnchantingWeight rule ContextRuleEngine.cpp:298-313),"Fortify Enchanting (potion, apparel)","Ingredients are out of scope (doc 9, 2026-10-07). Open: combat suppressing it (roadmap 'Workstation flicker').",P1,step,0.5,0,1 if workstation == 2 else 0
workstation_alchemy,Environment,A alchemy bench is in the crosshair,"crosshair furniture bench type -> craft skill, 0/1",Step,DetectWorkstationTarget StateManager_World.cpp:121-137; CraftSkillForWorkstation ContextRuleEngine.cpp:17-35,exists,fWeightAtAlchemyLab (fortifyAlchemyWeight rule ContextRuleEngine.cpp:298-313),"Fortify Alchemy (potion, apparel)","Ingredients are out of scope (doc 9, 2026-10-07). Open: combat suppressing it (roadmap 'Workstation flicker').",P1,step,0.5,0,1 if workstation == 3 else 0
ore_vein_in_crosshair,Environment,An ore vein is in the crosshair,"crosshair ref is an ore vein, 0/1",Step,DetectOreVeinTarget StateManager_World.cpp:77-115; ContextReasonSignals.lookingAtOre (PipelineCoordinator.cpp:387),partial,"the LookingAtOre label (ContextRuleEngine_Reason.cpp:173), which has no weight",Pickaxe (tool / weapon),,P3,step,0.5,0,oreVein
merchant_in_crosshair,Environment,"A merchant is in the crosshair, before dialogue","crosshair actor has vendor faction / services, 0/1",Step,NEW: no merchant context in src/ (roadmap 'Haggling gear at a merchant'),new,--,"Fortify Barter / haggling (apparel, potion); Fortify Speech","Must fire before DialogueMenu / BarterMenu, where keys do not work. Worn-vs-offered is an effect-side question.",P2,step,0.5,0,merchant
weapon_charge_deficit,Equipment,How drained the equipped enchanted weapon is,1 - charge fraction (only with an enchanted weapon equipped),"Logistic, c~0.75 (matters near empty)",weaponChargePercent StateManager_Equipment.cpp:313; rule ContextRuleEngine.cpp:505-510,exists,weaponChargeWeight rule; fWeaponChargeSmoothingExponent; CorrelationBooster soul-gem bonus (CorrelationBooster.cpp:177),"Soul gem (recharge); Soul Gem Fragment (LoreRim, MISC, roadmap); unenchanted backup weapon",The 25% override stays a rule (OverrideConfig.h:24).,P1,logistic,0.75,12,1 - weaponCharge if enchantedWeapon else 0
ammo_low,Equipment,How little ammo is left for the drawn bow / crossbow,"1 - count / cap (cap~25), with a bow or crossbow equipped",Logistic,arrowCount / boltCount StateManager_Equipment.cpp:323-329; rule ContextRuleEngine.cpp:516-518 (out = 0 only),exists but binary,fWeightNeedsAmmo (ammoWeight),Ammo (arrows / bolts); melee weapon (switch); bound bow,Low-ammo override at 10 stays a rule (OverrideConfig.h:28). Ammo type matching is a filter.,P1,logistic,0.6,10,"max(0, 1 - arrows / 25) if bow; else max(0, 1 - bolts / 25) if crossbow; else 0"
hands_empty,Equipment,"No weapon, bow or spell in hand","!melee && !bow && !spell, 0/1",Step (a fact),ContextRuleEngine.cpp:524-530,exists,fWeightNoWeapon (boundWeaponWeight),Weapon (any); Bound weapon; Damage spell,Roadmap 'equip flood': the hand-set 0.40 lifts every weapon; theta replaces it.,P2,step,0.5,0,1 if not (melee or bow or crossbow or spell or staff) else 0
loadout_one_handed,Loadout,The player holds one-handed gear,"equipped-slot fact, 0/1",Step,hasOneHandedEquipped PlayerActorState.h:443,exists,CorrelationBooster meleeDefensiveBonus (CorrelationBooster.cpp:118); fWeightBuffPotion / fWeightBuffCombat shims (roadmap 'Buffs matched to the loadout'),Fortify One-Handed; Armor spell; weapon poison,"Folds the uncapped correlation multipliers (x5.5, x9) into learned pairs.",P1,step,0.5,0,oneHanded
loadout_two_handed,Loadout,The player holds two-handed gear,"equipped-slot fact, 0/1",Step,hasTwoHandedEquipped StateManager_Equipment.cpp:276,exists,twoHandedDefensiveBonus (CorrelationBooster.cpp:127); fWeightBuffPotion / fWeightBuffCombat shims (roadmap 'Buffs matched to the loadout'),Fortify Two-Handed; Armor spell; Restore / Fortify Stamina,"Folds the uncapped correlation multipliers (x5.5, x9) into learned pairs.",P1,step,0.5,0,twoHanded
loadout_archery,Loadout,The player holds archery gear,"equipped-slot fact, 0/1",Step,hasBowEquipped StateManager_Equipment.cpp:252; hasCrossbowEquipped PlayerActorState.h:446,exists,bowArrowBonus / crossbowBoltBonus (CorrelationBooster.cpp:238-244); fWeightBuffPotion / fWeightBuffCombat shims (roadmap 'Buffs matched to the loadout'),Fortify Marksman; Ammo; bow-enchanted apparel,"Folds the uncapped correlation multipliers (x5.5, x9) into learned pairs.",P1,step,0.5,0,1 if bow or crossbow else 0
loadout_staff,Loadout,The player holds staff gear,"equipped-slot fact, 0/1",Step,hasStaffEquipped StateManager_Equipment.cpp:264,exists,staffLowMagickaBonus (CorrelationBooster.cpp:208-219); fWeightBuffPotion / fWeightBuffCombat shims (roadmap 'Buffs matched to the loadout'),Soul gem (recharge); Fortify <staff's school>,"Folds the uncapped correlation multipliers (x5.5, x9) into learned pairs.",P1,step,0.5,0,staff
loadout_shield,Loadout,The player holds shield gear,"equipped-slot fact, 0/1",Step,hasShieldEquipped StateManager_Equipment.cpp:268,exists,the 'no shield' half of meleeDefensiveBonus; fWeightBuffPotion / fWeightBuffCombat shims (roadmap 'Buffs matched to the loadout'),"Fortify Block; Ward (negative, learned)","Folds the uncapped correlation multipliers (x5.5, x9) into learned pairs.",P1,step,0.5,0,shield
loadout_destruction,Loadout,A destruction spell is in hand,"either hand's spell school == Destruction, 0/1",Step,rightHandSpell / leftHandSpell FormIDs PlayerActorState.h:437-438; school lookup from SpellRegistry NEW,partial,"fortifySchoolBonus (CorrelationBooster.cpp:107, :279); fWeightBuffPotion / fWeightBuffCombat shims",Fortify Destruction; Restore / Regenerate Magicka; destruction-cost apparel,"The user's own example: Ember equipped, Fortify Destruction from the menu 6 s later.",P1,step,0.5,0,handSchools bit 0
loadout_conjuration,Loadout,A conjuration spell is in hand,"either hand's spell school == Conjuration, 0/1",Step,rightHandSpell / leftHandSpell FormIDs PlayerActorState.h:437-438; school lookup from SpellRegistry NEW,partial,"fortifySchoolBonus (CorrelationBooster.cpp:107, :279); fWeightBuffPotion / fWeightBuffCombat shims",Fortify Conjuration; Restore / Regenerate Magicka; conjuration-cost apparel,"The user's own example: Ember equipped, Fortify Destruction from the menu 6 s later.",P1,step,0.5,0,handSchools bit 1
loadout_restoration,Loadout,A restoration spell is in hand,"either hand's spell school == Restoration, 0/1",Step,rightHandSpell / leftHandSpell FormIDs PlayerActorState.h:437-438; school lookup from SpellRegistry NEW,partial,"fortifySchoolBonus (CorrelationBooster.cpp:107, :279); fWeightBuffPotion / fWeightBuffCombat shims",Fortify Restoration; Restore / Regenerate Magicka; restoration-cost apparel,"The user's own example: Ember equipped, Fortify Destruction from the menu 6 s later.",P1,step,0.5,0,handSchools bit 2
loadout_alteration,Loadout,A alteration spell is in hand,"either hand's spell school == Alteration, 0/1",Step,rightHandSpell / leftHandSpell FormIDs PlayerActorState.h:437-438; school lookup from SpellRegistry NEW,partial,"fortifySchoolBonus (CorrelationBooster.cpp:107, :279); fWeightBuffPotion / fWeightBuffCombat shims",Fortify Alteration; Restore / Regenerate Magicka; alteration-cost apparel,"The user's own example: Ember equipped, Fortify Destruction from the menu 6 s later.",P1,step,0.5,0,handSchools bit 3
loadout_illusion,Loadout,A illusion spell is in hand,"either hand's spell school == Illusion, 0/1",Step,rightHandSpell / leftHandSpell FormIDs PlayerActorState.h:437-438; school lookup from SpellRegistry NEW,partial,"fortifySchoolBonus (CorrelationBooster.cpp:107, :279); fWeightBuffPotion / fWeightBuffCombat shims",Fortify Illusion; Restore / Regenerate Magicka; illusion-cost apparel,"The user's own example: Ember equipped, Fortify Destruction from the menu 6 s later.",P1,step,0.5,0,handSchools bit 4
sneaking,Activity,The player is sneaking,"IsSneaking, 0/1",Step,StateManager_Position.cpp:134; rule ContextRuleEngine.cpp:376-378,exists,fWeightSneaking (stealthWeight),Invisibility; Muffle; Fortify Sneak; Bow / dagger (sneak attack),Already-invisible stays a gate.,P1,step,0.5,0,sneaking
sneak_detected,Activity,The HUD sneak eye shows the player being noticed,"the HUD stealth meter's state (hidden / caution / detected), 0-1",Step per eye state (or linear on the meter),NEW: read the player's own stealth-meter value (the number the HUD eye draws),new,--,Invisibility; Muffle; Calm / Fear; Fortify Sneak,Only the HUD eye; never which NPC detected or their detection level.,P3,step,0.5,0,0 (deferred: the HUD eye's value and its scale are not verified yet)
mounted,Activity,The player is on a horse (or dragon),"isMounted, 0/1",Step,"StateManager_Position.cpp:151 (read, unused)",partial,--,"Bow; Ammo; Fortify Marksman; spells (negative, vanilla)","Vanilla blocks spells on horseback; theta learns that, no hand rule.",P3,step,0.5,0,mounted
downtime,Activity,"Safe, quiet time: out of combat, no hostile in view, for a while",seconds since combat ended and no hostile tracked,"Logistic, c~20 s",Derived from in_combat (StateManager_Position.cpp:142) and enemy_count; timer NEW,partial,--,Enchanted apparel swaps; food buffs; pre-cast auras (Healing Aura); craft gear,Roadmap Gear: enchanted gear is out-of-combat only; this is that condition as a need.,P2,logistic,20,0.3,combatEndAgo if not inCombat and enemyCount == 0 else 0
combat_ended_recent,Activity,A fight just ended,seconds since in_combat went false,"Exponential decay, tau~15 s",Derived from the in_combat transition; timer NEW,partial,--,Restore Health / Magicka (top off); Cure Poison / Disease; Soul gem (recharge); main weapon back (Remembrance),,P3,decay,15,0,combatEndAgo if not inCombat else NEVER
