id,level,rule,races_combat,npcs_combat,uniques_combat,races_all_used,npcs_all_used,overlay_races,reason_mix,examples,mods,obvious_effects,notes
target_humanoid,family,race ActorTypeNPC (primary unless a stronger family holds); goblinoids by keyword DLC2RieklingKeyword or name Falmer/Riekling/Goblin/Grummite/Minotaur/Hagraven/Lamia,32,39044,2684,74,39360,33,"{'keyword': 26, 'name': 6}",NordRace (Prisoner); DarkElfRace (Vigilant of Stendarr); ImperialRace (Prisoner); RedguardRace (Alik'r Warrior); BretonRace (Prisoner); OrcRace (Prisoner),Skyrim (base game) (13); VIGILANT SE (4); Skyrim Extended Cut - Saints and Seducers (2); Dragonborn (DLC) (2); Minotaurs SE (2); Journey to Baan Malur and Morrowind (1),control_paralysis; influence_fear; influence_calm; kind_poison,"Overlay on dremora, saints/seducers, vampires, Xivkyn (they fire humanoid AND their primary). Goblinoids fold in here (open question). Today goblinoids read Beast via ActorTypeCreature."
target_undead,family,race ActorTypeUndead | ActorTypeGhost | Vampire | ActorTypeLich; else NPC-record ActorTypeUndead/Ghost on >50% of records (per actor at runtime),123,14394,157,126,14402,14,"{'keyword': 122, 'manual': 1}",NordRaceVampire (Vampire); BretonRaceVampire (Vampire); DarkElfRaceVampire (Vampire); ImperialRaceVampire (Vampire); HighElfRaceVampire (Vampire); OrcRaceVampire (Malkus),VIGILANT SE (48); Skyrim (base game) (20); Dawnguard (DLC) (8); Gravewind (inferred from GRVE prefix) (7); Dragonborn (DLC) (5); Skyrim Extended Cut - Saints and Seducers (5),damage_health_sun; influence_turn_undead; weapon_silver,Largest non-person family (Vigilant alone adds ~45 races). Fires as overlay on skeletal dragons and on Xivkyn/Leviathan/Voidcrawler (daedra primary). Vampire subgroup = undead+humanoid.
target_daedra,family,race ActorTypeDaedra,69,694,43,70,697,0,{'keyword': 69},DremoraRace (Dremora); zzzCHAuroranRace (Auroran); AtronachFrostRace (Frost Atronach); zzzCHOrderKnightRace (Knight of Order); EC_SS_GoldenSaintRace (Golden Saint Archer); AtronachStormRace (Potent Storm Atronach),VIGILANT SE (28); Skyrim Extended Cut - Saints and Seducers (6); Journey to Baan Malur and Morrowind (5); Triumvirate - Mage Archetypes (5); Skyrim (base game) (4); Dragonborn (DLC) (4),influence_banish; weapon_silver,Banish only affects SUMMONED daedra: pair it with a summoned-target need rather than this one (open question). Atronachs carry an element facet.
target_dragon,family,race ActorTypeDragon,5,104,20,5,104,0,{'keyword': 5},DragonRace (Dragon); AlduinRace (Alduin); UndeadDragonRace (Skeletal Dragon); DLC1UndeadDragonRace (Durnehviir); DragonRaceLokjun (Lokjun),Skyrim (base game) (3); Dawnguard (DLC) (1); Granite Hill (1),shout_dragonrend; resist_fire; resist_frost; kind_ammo; weapon_ranged,"Skeletal dragons also fire target_undead (today they read Dragon only, so no Sun/Turn Undead). Breath element is per NPC, not per race: leave it to enemy_casting_fire/frost."
target_construct,family,"race ActorTypeDwarven; manual list for Lucien Dwemer automatons (Creature/Animal-tagged), Vigilant Iron Spiders (Undead-tagged), HLIO inactive sphere",16,129,12,19,133,0,"{'keyword': 10, 'manual': 6}",DwarvenSphereRace (Dwarven Sphere); DwarvenSpiderRace (Dwarven Spider); DwarvenCenturionRace (Dwarven Centurion); HLIODwarvenSpiderRace (Scrap); DLC2DwarvenBallistaRace (Dwarven Ballista Test); TOK_RACE_ImperfectCenturionRace (Imperfect Centurion Sentinel),Lucien - Immersive Fully Voiced Male Follower (4); Skyrim (base game) (3); VIGILANT SE (3); Remiel - Custom Voiced Follower (2); Dragonborn (DLC) (1); The Tools of Kagrenac (1),(none),"NO obvious effect column. Shock damage and blunt weapons are folk knowledge, poison/paralysis immunity is a hidden number: leave to theta. Candidates: damage_health_shock, weapon_type_mace/warhammer (learned, start 0)."
target_animal,family,race ActorTypeAnimal; else Requiem skeleton tag reqRaceIs<animal>Race or name (guar/kagouti/alit/nix-hound) on Creature-only races,64,336,40,135,3103,12,"{'keyword': 63, 'name': 1}",WolfRace (Wolf); mihailguar_race (Golden Eye Guar); MudcrabRace (Mudcrab); DogRace (Dog); MammothRace (Female Mammoth); SkeeverRace (Skeever),Skyrim (base game) (14); Journey to Baan Malur and Morrowind (11); VIGILANT SE (6); Triumvirate - Mage Archetypes (5); Dragonborn (DLC) (3); Dawnguard (DLC) (3),influence_calm; influence_fear; weapon_ranged,"Fauna (deer, chickens, foxes...) and pets/mounts excluded from the combat count but still map here. FoxRace npcCount (2447) is a leveled-template placeholder, not foxes."
target_arthropod,family,name: Spider|Chaurus|Scorpion|Shalk|Beetle|Kwama|Arachn|Elytra|AshHopper|Scrib in race editorID (all carry ActorTypeAnimal; no mod adds an insect keyword),23,136,6,37,164,7,{'name': 23},FrostbiteSpiderRace (Frostbite Spider); DLC2ExpSpiderBaseRace (Jumping Poisonous Spider); FrostbiteSpiderRaceGiant (Frostbite Spider); DLC2AshHopperRace (Ash Hopper); FrostbiteSpiderRaceLarge (Frostbite Spider); ChaurusRace (Chaurus),Skyrim (base game) (5); VIGILANT SE (3); Dragonborn (DLC) (2); Dawnguard (DLC) (2); Journey to Baan Malur and Morrowind (2); Skyrim Extended Cut - Saints and Seducers (2),resist_poison; cure_poison,"NEW. Venom is visible (spit, green hits). Name-based: the only reason it is not keyword-first. Overlay on Vigilant Arachne (undead) and Spider Daedra."
target_troll,family,race ActorTypeTroll,9,35,4,9,35,2,{'keyword': 9},TrollFrostRace (Frost Troll); TrollRace (Troll); DLC1TrollFrostRaceArmored (Armored Frost Troll); mihailudefrykte_race (Troll); DLC1TrollRaceArmored (Armored Troll); og_TrollFrostGrahlRace (Grahl),"Skyrim (base game) (2); Dawnguard (DLC) (2); LoreRim merge ""Morrowind Creatures"" (source mods unresolved) (2); Udefrykte Replacer - Mihail (1); Sea Giants - Mihail Monsters and Animals (1); Troll Cubs - Mihail (1)",damage_health_fire,"NEW. Fire vs troll regeneration is taught by vanilla loading screens, so it is a fact the player has. Overlay on Vigilant Ogrim (daedra primary). Today trolls read Beast."
target_giant,family,race ActorTypeGiant; else NPC-record ActorTypeGiant on >50% of records (vanilla GiantRace carries it only on NPCs); else reqRaceIsGiantRace,9,29,4,9,29,8,{'keyword': 9},GiantRace (Giant); mihail_icetribe_race (Half-Giant Glacier Scout); mihail_seagiant_race (Sea Giant Bulwark); mihailgiantesses_race (Giantess); GiantRaceWRMerchant (Hrungnir); mihailgiantyounglingrace (Giant Youngling),Giants Overhaul - Mihail (inferred) (3); Skyrim (base game) (2); Sea Giants - Mihail Monsters and Animals (2); unresolved (SurWR.esp) (1); DementedLulu's INIGO (1),weapon_ranged; kind_ammo,"NEW. Weak obvious pairing (keep away, shoot). Overlay on 8 Vigilant giant races that are undead/daedra primary. Today giants read Beast (one Inigo giant reads Humanoid)."
target_werebeast,family,race HRI_Lycan_Keyword_IsWerecreature | DLC2WerebearKeyword; name Were(wolf|bear|Vampire) (Lucien Dwemer werewolf excluded -> construct),5,32,1,5,32,0,"{'keyword': 3, 'name': 2}",WerewolfBeastRace (Werewolf); mihailundeadwerewolfrace (Undead Werewolf); DLC2WerebearBeastRace (Werebear); zzzBMWereVampireRaceBoss (Nightmare of Ilinalta); zzzBMWereVampireRace (Blood Scion),VIGILANT SE (2); Skyrim (base game) (1); Undead Werewolves - Mihail (1); Dragonborn (DLC) (1),weapon_silver,"NEW. Silver vs werewolves is vanilla lore (UNVERIFIED on Requiem/LoreRim). Wicked Werewolves is installed, so night encounters are more common than the 32 NPC records suggest. Runtime race changes: see code notes (cache)."
target_monster,family,"catch-all: race ActorTypeCreature (or REQ_Spriggan) with no keyword or name above; manual for Lucien imps (ActorTypeNPC), ice wraiths, magic anomaly",45,152,11,47,158,0,"{'keyword': 37, 'manual': 8}",zzzCHShoggothLittleRace (Dark Kid); IceWraithRace (Ice Wraith); zzzCHShoggothRace (Dark One); zzzCHGiantBloodSuckerRace (The King of Leeches); zzzCHShoggothFLYRace (Flying Dark Kid); SprigganMatronRace (Spriggan),VIGILANT SE (8); Skyrim (base game) (7); Lucien - Immersive Fully Voiced Male Follower (5); Journey to Baan Malur and Morrowind (5); Dawnguard (DLC) (4); Requiem - Magic Redone (3),(none),"Catch-all so heterogeneous creatures stop polluting target_animal. Subgroups: spriggan (REQ_Spriggan), gargoyle (NPC ActorTypeVampireBrute), eldritch (zzzCHActorTypeShoggoth), elemental, wisp. Learn-only."
target_spectral,facet,"race or NPC-record ActorTypeGhost, or NPC-record ActorTypeSpirit (Requiem spirits) on >50%; name Ghost/Wraith/Wisp/Shade/Spectr on undead races",19,91,0,19,91,0,"{'keyword': 18, 'manual': 1}",SkeletonNecroRace (Corrupted Shade); ccVSVSSE003_LichRace (Cursed Spectre); DraugrMagicRace (Spectral Draugr); REQ_Race_Conjuration_FireWyrm (Spirit Fire Wyrm); REQ_Race_Conjuration_StormWyrm (Spirit Storm Wyrm); GRVEShadowmanRace (Shade),Skyrim (base game) (4); Requiem - Magic Redone (3); Creation Club: Necromantic Grimoire (3); Dragonborn (DLC) (2); Gravewind (inferred from GRVE prefix) (2); Wraiths - Mihail Monsters and Animals (1),(none),Second level under undead (also rides on Requiem spirit summons). Translucency is visible. Per actor at runtime: 266 ghost NPC records sit on playable races (Nord etc.).
target_element_fire,facet,"elemental beings only (Daedra with Atronach/Flame/Storm/Prism/Imp names, REQ_ActorTypeDaedraNoFlesh, Atronach/Wraith/Wyrm/Imp names) whose editorID says Flame|Fire|Ember|Incinerat",11,33,0,11,33,0,"{'keyword': 9, 'manual': 2}",AtronachFlameRace (Flame Atronach); REQ_Race_Conjuration_FireWyrm (Spirit Fire Wyrm); dlc2SpectralDragonRace (Fire Wyrm); mihailbanekin_raceFIRE (Banekin); zzzCHFlameLordRace (Ancient Flame Lord); zzzCHFlameLurkerRace (Ancient Flame Lurker),VIGILANT SE (5); Lucien - Immersive Fully Voiced Male Follower (2); Skyrim (base game) (1); Dragonborn (DLC) (1); Journey to Baan Malur and Morrowind (1); Requiem - Magic Redone (1),resist_fire,"The being is visibly made of fire; its own attacks are fire. Opposite-element damage (frost) is learned, start 0."
target_element_frost,facet,as above with Frost|Ice|Snowray|Goron,5,38,0,5,38,0,"{'keyword': 3, 'manual': 2}",AtronachFrostRace (Frost Atronach); IceWraithRace (Ice Wraith); mihailgoronrace (Goron); DLC2dunKarstaagIceWraithRace (Ice Wraith); mihail_monster_snowray_race (Tamed Snowray),Skyrim (base game) (2); Betalille's Hammerfell Quests Bundle - The Gray Cowl of Nocturnal (1); Dragonborn (DLC) (1); Sea Giants - Mihail Monsters and Animals (1),resist_frost,"Frost atronach, ice wraiths, Goron. Frost trolls / frost giants / frostbite spiders deliberately excluded (not elementals)."
target_element_shock,facet,as above with Storm|Shock|Thunder|Lightning,7,36,0,7,36,0,"{'keyword': 5, 'manual': 2}",AtronachStormRace (Potent Storm Atronach); zzzCHPrismStormRace (Atronach of Order); REQ_Race_Conjuration_StormWyrm (Spirit Storm Wyrm); REQ_Race_Thunder (Thunder); JRmihailimpracechargedshock (Charged Shock Imp); zzzCHFlameStormRace (Ancient Flame Atronach),VIGILANT SE (2); Lucien - Immersive Fully Voiced Male Follower (2); Skyrim (base game) (1); Requiem (1); Requiem - Magic Redone (1),resist_shock,"Storm atronach, Vigilant Prism Storm, Requiem Thunder, Lucien shock imps, Requiem Storm Wyrm."
